timestamp,v1,rs1,v2,rs2
17:44:47.269,2.05,14.39,2.0,15.0
17:44:49.325,2.05,14.39,2.034,14.58
17:44:51.384,2.05,14.39,2.056,14.32
17:44:53.434,2.05,14.39,2.055,14.33
17:44:55.461,2.05,14.39,2.075,14.1
17:44:57.507,2.026,14.68,2.112,13.67
17:44:59.550,2.05,14.39,2.15,13.26
17:45:01.585,2.05,14.39,2.148,13.28
17:45:03.619,2.05,14.39,2.098,13.83
17:45:05.680,2.029,14.64,2.053,14.35
17:45:07.717,2.0,15.0,2.081,14.03
17:45:09.778,2.039,14.52,2.072,14.13
17:45:11.822,2.05,14.39,2.024,14.7
17:45:13.868,2.027,14.67,2.0,15.0
17:45:15.911,2.049,14.4,2.02,14.75
17:45:17.957,2.004,14.95,2.005,14.94
17:45:20.015,2.044,14.46,2.016,14.8
17:45:22.045,2.05,14.39,2.039,14.52
17:45:24.086,2.05,14.39,2.0,15.0
17:45:26.134,2.05,14.39,2.0,15.0
17:45:28.185,2.025,14.69,2.002,14.98
17:45:30.224,2.003,14.96,2.0,15.0
17:45:32.283,2.046,14.44,2.032,14.61
17:45:34.353,2.05,14.39,2.036,14.56
17:45:36.407,2.048,14.41,2.02,14.75
17:45:38.462,2.05,14.39,2.0,15.0
17:45:40.503,2.05,14.39,2.005,14.94
17:45:42.548,2.04,14.51,2.023,14.72
17:45:44.589,2.045,14.45,2.02,14.75
17:45:46.643,1.995,15.06,2.0,15.0
17:45:48.683,2.038,14.53,2.0,15.0
17:45:50.736,2.04,14.51,2.013,14.84
17:45:52.801,1.996,15.05,2.0,15.0
17:45:54.843,2.011,14.86,2.0,15.0
17:46:01.901,2.027,14.67,2.059,14.28
17:46:03.941,1.962,15.48,2.043,14.47
17:46:05.976,1.989,15.14,2.094,13.88
17:46:08.046,1.943,15.73,2.134,13.43
17:46:10.106,1.9,16.32,2.15,13.26
17:46:12.149,1.9,16.32,2.111,13.69
17:46:14.202,1.9,16.32,2.026,14.68
17:46:16.241,1.94,15.77,2.052,14.37
17:46:18.280,1.91,16.18,2.062,14.25
17:46:20.332,1.95,15.64,2.071,14.14
17:46:22.396,2.01,14.88,2.025,14.69
17:46:24.457,2.0,15.0,2.057,14.31
17:46:26.515,2.023,14.72,2.0,15.0
17:46:28.561,2.038,14.53,2.025,14.69
17:46:30.616,1.997,15.04,2.06,14.27
17:46:32.658,2.011,14.86,2.08,14.04
17:46:34.699,2.05,14.39,2.077,14.07
17:46:36.768,2.05,14.39,2.0,15.0
17:46:38.825,2.009,14.89,2.0,15.0
17:46:40.867,1.991,15.11,2.001,14.99
17:46:42.945,1.958,15.54,2.035,14.57
17:46:45.005,1.952,15.61,2.058,14.3
17:46:47.056,1.96,15.51,2.113,13.66
17:46:49.091,1.989,15.14,2.107,13.73
17:46:51.142,1.921,16.03,2.15,13.26
17:46:53.198,1.921,16.03,2.15,13.26
17:46:55.239,1.957,15.55,2.15,13.26
17:46:57.283,1.984,15.2,2.118,13.61
17:46:59.340,1.94,15.77,2.15,13.26
17:47:01.380,2.033,14.59,2.072,14.13
17:47:03.424,2.05,14.39,2.117,13.62
17:47:05.457,2.05,14.39,2.082,14.02
17:47:07.491,2.05,14.39,2.037,14.55
17:47:09.550,2.05,14.39,2.07,14.15
17:47:11.909,2.05,14.39,2.053,14.35
17:47:13.973,2.019,14.76,2.072,14.13
17:47:16.033,2.001,14.99,2.053,14.35
17:47:18.078,1.926,15.96,2.008,14.9
17:47:20.130,1.92,16.04,2.0,15.0
17:47:22.186,1.925,15.97,2.0,15.0
17:47:24.223,1.941,15.76,2.034,14.58
17:47:26.270,1.957,15.55,2.0,15.0
17:47:28.312,1.915,16.11,2.043,14.47
17:47:30.366,1.9,16.32,2.052,14.37
17:47:32.410,1.9,16.32,2.085,13.98
17:47:34.452,1.964,15.46,2.063,14.24
17:47:36.517,1.962,15.48,2.055,14.33
17:47:38.553,1.946,15.69,2.084,13.99
17:47:40.608,1.949,15.65,2.091,13.91
17:47:42.672,1.9,16.32,2.01,14.88
17:47:44.731,1.917,16.08,2.0,15.0
17:47:46.772,1.9,16.32,2.004,14.95
17:47:48.829,1.9,16.32,2.063,14.24
17:47:50.882,1.926,15.96,2.132,13.45
17:47:52.932,1.9,16.32,2.132,13.45
17:47:55.006,1.957,15.55,2.068,14.18
17:47:57.044,1.999,15.01,2.098,13.83
17:47:59.087,2.012,14.85,2.123,13.55
17:48:01.132,2.049,14.4,2.128,13.5
17:48:03.171,2.018,14.78,2.135,13.42
17:48:05.201,2.05,14.39,2.109,13.71
17:48:07.233,2.018,14.78,2.088,13.95
17:48:09.273,2.021,14.74,2.138,13.39
17:48:11.326,2.038,14.53,2.108,13.72
17:48:13.365,2.015,14.81,2.045,14.45
17:48:15.409,1.991,15.11,2.023,14.72
17:48:17.455,2.035,14.57,2.045,14.45
17:48:19.499,2.036,14.56,2.032,14.61
17:48:21.563,2.004,14.95,2.022,14.73
17:48:23.625,1.979,15.27,2.043,14.47
17:48:25.687,2.035,14.57,2.06,14.27
17:48:27.723,2.033,14.59,2.052,14.37
17:48:29.790,2.022,14.73,2.082,14.02
17:48:31.844,2.041,14.5,2.059,14.28
17:48:33.924,2.05,14.39,2.066,14.2
17:48:35.953,2.05,14.39,2.081,14.03
17:48:38.020,2.05,14.39,2.067,14.19
17:48:40.077,2.03,14.63,2.078,14.06
17:48:42.115,2.05,14.39,2.104,13.76
17:48:44.213,2.034,14.58,2.073,14.12
17:48:46.285,2.05,14.39,2.048,14.41
17:48:48.342,2.015,14.81,2.053,14.35
17:48:50.393,2.009,14.89,2.018,14.78
17:48:52.451,2.014,14.83,2.0,15.0
17:48:54.512,2.049,14.4,2.0,15.0
17:48:56.563,2.014,14.83,2.047,14.43
17:48:58.600,2.047,14.43,2.074,14.11
17:49:00.637,2.05,14.39,2.091,13.91
17:49:02.670,2.017,14.79,2.085,13.98
17:49:04.728,2.022,14.73,2.067,14.19
17:49:06.750,1.995,15.06,2.02,14.75
17:49:08.828,2.035,14.57,2.055,14.33
17:49:10.896,2.05,14.39,2.084,13.99
17:49:12.946,2.006,14.93,2.083,14.0
17:49:15.007,1.981,15.24,2.074,14.11
17:49:17.056,1.95,15.64,2.12,13.58
17:49:19.109,1.952,15.61,2.104,13.76
17:49:21.156,1.909,16.19,2.134,13.43
17:49:23.195,1.94,15.77,2.115,13.64
17:49:25.257,1.928,15.93,2.122,13.56
17:49:27.319,1.94,15.77,2.101,13.8
17:49:29.378,1.973,15.34,2.091,13.91
17:49:31.411,2.009,14.89,2.056,14.32
17:49:33.462,1.982,15.23,2.039,14.52
17:49:35.495,1.9,16.32,2.039,14.52
17:49:37.543,1.9,16.32,2.038,14.53
17:49:39.582,1.9,16.32,2.083,14.0
17:49:41.633,1.9,16.32,2.04,14.51
17:49:43.689,1.9,16.32,2.083,14.0
17:49:45.728,1.91,16.18,2.069,14.17
17:49:47.786,1.9,16.32,2.04,14.51
17:49:49.844,1.9,16.32,2.073,14.12
17:49:51.877,1.9,16.32,2.025,14.69
17:49:53.945,1.935,15.84,2.04,14.51
17:49:55.998,1.907,16.22,2.088,13.95
17:49:58.055,1.912,16.15,2.076,14.08
17:50:00.092,1.9,16.32,2.035,14.57
17:50:02.139,1.953,15.6,2.113,13.66
17:50:04.179,1.959,15.52,2.147,13.29
17:50:06.235,1.944,15.72,2.112,13.67
17:50:08.308,1.946,15.69,2.126,13.52
17:50:10.346,1.962,15.48,2.101,13.8
17:50:12.395,1.962,15.48,2.067,14.19
17:50:14.443,1.966,15.43,2.147,13.29
17:50:16.501,2.028,14.65,2.15,13.26
17:50:18.529,2.05,14.39,2.109,13.71
17:50:20.571,2.05,14.39,2.116,13.63
17:50:22.637,2.029,14.64,2.116,13.63
17:50:24.710,2.05,14.39,2.038,14.53
17:50:26.755,2.039,14.52,2.037,14.55
17:50:28.818,2.05,14.39,2.031,14.62
17:50:30.866,2.05,14.39,2.063,14.24
17:50:32.894,2.05,14.39,2.098,13.83
17:50:34.955,2.025,14.69,2.108,13.72
17:50:37.001,2.05,14.39,2.125,13.53
17:50:39.039,2.034,14.58,2.061,14.26
17:50:41.102,2.05,14.39,2.033,14.59
17:50:43.138,1.996,15.05,2.048,14.41
17:50:45.172,1.928,15.93,2.034,14.58
17:50:47.209,1.939,15.79,2.003,14.96
17:50:49.250,2.006,14.93,2.046,14.44
17:50:51.312,2.012,14.85,2.09,13.92
17:50:53.355,2.05,14.39,2.117,13.62
17:50:55.392,2.048,14.41,2.118,13.61
17:50:57.442,2.007,14.91,2.09,13.92
17:50:59.516,1.942,15.75,2.071,14.14
17:51:01.551,2.022,14.73,2.08,14.04
17:51:03.609,2.05,14.39,2.041,14.5
17:51:05.646,2.05,14.39,2.127,13.51
17:51:07.728,2.04,14.51,2.15,13.26
17:51:09.775,2.027,14.67,2.135,13.42
17:51:11.796,2.05,14.39,2.15,13.26
17:51:13.837,2.027,14.67,2.15,13.26
17:51:15.873,2.014,14.83,2.114,13.65
17:51:17.913,1.942,15.75,2.09,13.92
17:51:19.959,1.997,15.04,2.109,13.71
17:51:22.015,2.036,14.56,2.114,13.65
17:51:24.075,2.01,14.88,2.112,13.67
17:51:26.141,2.021,14.74,2.133,13.44
17:51:28.184,2.022,14.73,2.107,13.73
17:51:30.210,2.05,14.39,2.072,14.13
17:51:32.233,2.05,14.39,2.029,14.64
17:51:34.273,2.042,14.49,2.043,14.47
17:51:36.308,2.05,14.39,2.036,14.56
17:51:38.330,2.05,14.39,2.044,14.46
17:51:40.380,2.042,14.49,2.05,14.39
17:51:42.438,2.05,14.39,2.095,13.87
17:51:44.475,2.05,14.39,2.118,13.61
17:51:46.523,2.05,14.39,2.102,13.79
17:51:48.579,2.01,14.88,2.123,13.55
17:51:50.609,2.019,14.76,2.129,13.49
17:51:52.652,2.009,14.89,2.109,13.71
17:51:54.694,2.007,14.91,2.081,14.03
17:51:56.732,2.037,14.55,2.061,14.26
17:51:58.793,2.05,14.39,2.076,14.08
17:52:00.854,2.05,14.39,2.044,14.46
17:52:02.907,2.011,14.86,2.002,14.98
17:52:04.973,2.009,14.89,2.0,15.0
17:52:07.027,1.999,15.01,2.0,15.0
17:52:09.062,1.965,15.45,2.003,14.96
17:52:11.097,1.954,15.59,2.0,15.0
17:52:13.135,1.996,15.05,2.022,14.73
17:52:15.197,2.021,14.74,2.054,14.34
17:52:17.232,2.02,14.75,2.038,14.53
17:52:19.256,2.034,14.58,2.018,14.78
17:52:21.313,1.991,15.11,2.047,14.43
17:52:23.349,1.973,15.34,2.042,14.49
17:52:25.392,1.935,15.84,2.006,14.93
17:52:27.432,1.963,15.47,2.007,14.91
17:52:29.466,2.004,14.95,2.0,15.0
17:52:31.514,1.963,15.47,2.013,14.84
17:52:33.546,1.955,15.58,2.0,15.0
17:52:35.606,1.981,15.24,2.037,14.55
17:52:37.640,2.013,14.84,2.005,14.94
17:52:39.673,2.05,14.39,2.008,14.9
17:52:41.708,2.05,14.39,2.042,14.49
17:52:43.763,2.028,14.65,2.034,14.58
17:52:45.802,2.003,14.96,2.061,14.26
17:52:47.835,2.04,14.51,2.092,13.9
17:52:49.887,2.05,14.39,2.054,14.34
17:52:51.940,2.039,14.52,2.04,14.51
17:52:53.972,2.05,14.39,2.03,14.63
17:52:56.026,2.05,14.39,2.037,14.55
17:52:58.054,2.05,14.39,2.017,14.79
17:53:00.103,2.031,14.62,2.06,14.27
17:53:02.148,2.03,14.63,2.095,13.87
17:53:04.184,1.988,15.15,2.068,14.18
17:53:06.254,2.011,14.86,2.108,13.72
17:53:08.329,2.016,14.8,2.141,13.35
17:53:10.400,1.984,15.2,2.138,13.39
17:53:12.455,2.019,14.76,2.15,13.26
17:53:14.513,2.05,14.39,2.15,13.26
17:53:16.549,2.048,14.41,2.123,13.55
17:53:18.589,2.023,14.72,2.15,13.26
17:53:20.629,2.021,14.74,2.15,13.26
17:53:22.679,2.032,14.61,2.15,13.26
17:53:24.743,2.028,14.65,2.112,13.67
17:53:26.804,2.05,14.39,2.072,14.13
17:53:28.865,2.05,14.39,2.036,14.56
17:53:30.920,2.05,14.39,2.015,14.81
17:53:32.987,2.05,14.39,2.0,15.0
17:53:35.034,2.05,14.39,2.0,15.0
17:53:37.094,2.05,14.39,2.0,15.0
17:53:39.161,2.05,14.39,2.02,14.75
17:53:41.208,2.032,14.61,2.038,14.53
17:53:43.247,2.01,14.88,2.0,15.0
17:53:45.289,1.989,15.14,2.0,15.0
17:53:47.350,2.019,14.76,2.003,14.96
17:53:49.394,2.039,14.52,2.0,15.0
