timestamp,raw1,mv1,v1,rs1,raw2,mv2,v2,rs2,true_risk
23:24:14.959,255,1249,1.25,21.89,285,1397,1.397,24.37,Low
23:24:15.959,240,1176,1.177,21.81,314,1536,1.537,23.69,Low
23:24:16.959,235,1153,1.153,22.43,251,1230,1.23,22.58,Low
23:24:17.959,250,1224,1.224,20.47,213,1041,1.041,22.49,Low
23:24:18.959,224,1098,1.099,22.25,238,1163,1.164,21.73,Low
23:24:19.959,275,1346,1.347,21.82,268,1310,1.31,21.72,Low
23:24:20.959,234,1145,1.146,22.09,230,1127,1.127,23.34,Low
23:24:21.959,233,1139,1.14,21.77,247,1209,1.21,24.67,Low
23:24:22.959,245,1198,1.199,21.15,291,1423,1.423,21.9,Low
23:24:23.959,249,1220,1.221,20.43,225,1100,1.101,23.18,Low
23:24:24.959,260,1273,1.274,22.14,262,1282,1.283,22.73,Low
23:24:25.959,215,1052,1.052,21.42,251,1230,1.231,23.95,Low
23:24:26.959,252,1234,1.234,20.59,275,1348,1.349,22.65,Low
23:24:27.959,231,1132,1.132,22.49,297,1454,1.455,23.84,Low
23:24:28.959,228,1116,1.116,21.75,276,1349,1.35,23.88,Low
23:24:29.959,235,1152,1.152,21.85,232,1134,1.134,21.92,Low
23:24:30.959,262,1281,1.281,23.08,263,1289,1.289,23.9,Low
23:24:31.959,252,1236,1.236,21.48,277,1354,1.354,24.38,Low
23:24:32.959,244,1196,1.196,23.25,185,907,0.907,23.74,Low
23:24:33.959,247,1208,1.209,21.76,268,1313,1.314,21.21,Low
23:24:34.959,241,1178,1.178,22.29,311,1521,1.522,22.53,Low
23:24:35.959,228,1119,1.119,21.6,294,1437,1.437,23.3,Low
23:24:36.959,234,1147,1.147,22.41,268,1314,1.315,23.87,Low
23:24:37.959,231,1129,1.13,21.74,253,1241,1.241,21.68,Low
23:24:38.959,251,1229,1.23,22.21,266,1300,1.301,22.79,Low
23:24:39.959,216,1058,1.058,21.66,255,1248,1.249,22.28,Low
23:24:40.959,242,1183,1.184,22.32,323,1582,1.583,23.16,Low
23:24:41.959,250,1225,1.226,21.94,207,1012,1.012,22.98,Low
23:24:42.959,246,1206,1.206,23.97,260,1271,1.271,23.27,Low
23:24:43.959,244,1196,1.197,21.07,301,1471,1.471,23.68,Low
23:24:44.959,261,1279,1.279,21.27,309,1510,1.51,21.74,Low
23:24:45.959,257,1258,1.259,23.75,235,1151,1.151,22.49,Low
23:24:46.959,247,1209,1.21,21.6,218,1067,1.067,23.06,Low
23:24:47.959,223,1093,1.094,22.38,237,1162,1.162,24.39,Low
23:24:48.959,229,1121,1.122,21.74,290,1422,1.422,21.89,Low
23:24:49.959,250,1222,1.223,23.05,216,1058,1.059,23.17,Low
23:24:50.959,250,1225,1.226,22.63,228,1114,1.114,21.81,Low
23:24:51.959,256,1252,1.252,22.24,273,1337,1.338,23.31,Low
23:24:52.959,231,1131,1.132,22.19,274,1343,1.344,22.36,Low
23:24:53.959,283,1386,1.387,22.38,229,1121,1.121,23.59,Low
23:24:54.959,225,1102,1.103,22.63,301,1473,1.474,22.26,Low
23:24:55.959,265,1296,1.296,22.33,291,1423,1.423,24.71,Low
23:24:56.959,240,1175,1.175,21.4,238,1166,1.167,22.27,Low
23:24:57.959,243,1192,1.192,22.27,274,1341,1.342,23.74,Low
23:24:58.959,245,1201,1.201,23.16,257,1260,1.26,25.45,Low
23:24:59.959,258,1262,1.263,21.31,233,1139,1.139,23.43,Low
23:25:00.959,240,1177,1.178,22.57,280,1370,1.371,22.93,Low
23:25:01.959,228,1115,1.115,20.79,252,1233,1.233,23.77,Low
23:25:02.959,249,1221,1.221,21.0,271,1325,1.326,23.35,Low
23:25:03.959,227,1111,1.112,22.12,267,1308,1.309,21.97,Low
23:25:04.959,252,1235,1.236,22.45,299,1462,1.462,23.95,Low
23:25:05.959,217,1062,1.062,21.25,281,1377,1.377,23.46,Low
23:25:06.959,256,1251,1.252,25.08,283,1385,1.386,24.02,Low
23:25:07.959,265,1295,1.295,22.52,256,1252,1.253,23.68,Low
23:25:08.959,229,1122,1.123,21.81,251,1227,1.227,23.07,Low
23:25:09.959,292,1431,1.431,20.51,287,1402,1.403,21.55,Low
23:25:10.959,235,1152,1.153,22.87,267,1309,1.31,22.03,Low
23:25:11.959,230,1128,1.128,22.54,243,1190,1.19,23.19,Low
23:25:12.959,246,1204,1.205,21.48,331,1621,1.622,23.57,Low
23:25:13.959,204,997,0.997,22.15,245,1200,1.201,23.77,Low
23:25:14.959,229,1120,1.121,21.91,281,1375,1.376,23.78,Low
23:25:15.959,220,1079,1.08,21.73,251,1228,1.229,22.41,Low
23:25:16.959,281,1376,1.377,22.32,227,1110,1.111,23.83,Low
23:25:17.959,288,1412,1.412,22.83,219,1072,1.072,22.56,Low
23:25:18.959,271,1326,1.327,21.43,279,1366,1.367,23.7,Low
23:25:19.959,226,1107,1.107,21.95,166,813,0.814,22.08,Low
23:25:20.959,240,1174,1.175,21.0,316,1544,1.545,21.71,Low
23:25:21.959,236,1155,1.156,22.1,310,1516,1.516,21.71,Low
23:25:22.959,269,1316,1.316,22.01,235,1152,1.153,23.42,Low
23:25:23.959,249,1219,1.22,21.52,268,1310,1.31,22.65,Low
23:25:24.959,247,1211,1.211,22.53,314,1537,1.538,21.89,Low
23:25:25.959,289,1413,1.413,20.44,261,1277,1.277,23.53,Low
23:25:26.959,251,1228,1.228,21.5,259,1268,1.269,22.56,Low
23:25:27.959,233,1141,1.141,22.68,276,1353,1.354,22.38,Low
23:25:28.959,263,1289,1.29,22.25,290,1421,1.422,23.57,Low
23:25:29.959,228,1117,1.117,21.55,288,1412,1.412,23.55,Low
23:25:30.959,245,1197,1.198,22.09,305,1491,1.492,22.47,Low
23:25:31.959,256,1254,1.255,21.84,259,1267,1.267,23.99,Low
23:25:32.959,262,1282,1.283,22.65,306,1495,1.496,23.02,Low
23:25:33.959,259,1268,1.268,21.75,275,1348,1.349,22.88,Low
23:25:34.959,247,1209,1.21,22.48,240,1177,1.177,24.88,Low
23:25:35.959,224,1099,1.099,21.03,301,1473,1.474,23.71,Low
23:25:36.959,258,1262,1.262,22.5,265,1298,1.298,22.19,Low
23:25:37.959,247,1207,1.208,21.46,295,1446,1.446,22.87,Low
23:25:38.959,228,1117,1.117,21.74,278,1361,1.362,22.49,Low
23:25:39.959,228,1117,1.118,22.19,273,1336,1.337,22.54,Low
23:25:40.959,235,1152,1.153,22.19,221,1082,1.083,21.73,Low
23:25:41.959,230,1128,1.128,21.83,275,1346,1.347,24.33,Low
23:25:42.959,263,1285,1.286,21.87,265,1297,1.297,22.1,Low
23:25:43.959,245,1198,1.198,21.77,275,1348,1.348,22.26,Low
23:25:44.959,256,1251,1.252,23.23,262,1283,1.284,23.36,Low
23:25:45.959,259,1269,1.269,21.68,272,1333,1.334,23.01,Low
23:25:46.959,247,1209,1.21,21.38,266,1303,1.304,23.45,Low
23:25:47.959,275,1345,1.345,22.77,332,1622,1.623,22.31,Low
23:25:48.959,263,1287,1.287,22.15,333,1628,1.628,22.27,Low
23:25:49.959,228,1116,1.116,21.52,200,981,0.981,22.53,Low
23:25:50.959,229,1124,1.124,22.12,276,1351,1.351,24.69,Low
23:25:51.959,264,1295,1.295,21.54,238,1165,1.165,23.44,Low
23:25:52.959,218,1067,1.068,23.47,302,1476,1.477,22.58,Low
23:25:53.959,210,1028,1.029,23.08,262,1282,1.283,24.11,Low
23:25:54.959,212,1040,1.041,21.52,266,1300,1.301,23.04,Low
23:25:55.959,236,1154,1.155,22.5,233,1139,1.14,22.87,Low
23:25:56.959,247,1212,1.212,22.41,287,1406,1.407,21.99,Low
23:25:57.959,214,1046,1.047,23.02,276,1349,1.35,22.33,Low
23:25:58.959,277,1355,1.355,22.09,302,1476,1.477,23.06,Low
23:25:59.959,287,1406,1.406,23.4,258,1262,1.263,23.87,Low
23:26:00.959,258,1264,1.265,23.09,236,1155,1.155,23.62,Low
23:26:01.959,267,1305,1.306,20.59,229,1122,1.123,21.16,Low
23:26:02.959,240,1173,1.173,22.57,312,1525,1.525,23.07,Low
23:26:03.959,278,1362,1.363,20.9,213,1044,1.044,22.95,Low
23:26:04.959,253,1238,1.238,21.97,202,989,0.99,22.92,Low
23:26:05.959,218,1069,1.07,22.54,277,1354,1.355,22.15,Low
23:26:06.959,235,1148,1.149,21.15,264,1290,1.291,23.86,Low
23:26:07.959,225,1101,1.101,22.4,249,1220,1.22,22.29,Low
23:26:08.959,243,1189,1.189,21.17,248,1216,1.217,21.92,Low
23:26:09.959,285,1396,1.396,22.03,244,1195,1.195,23.19,Low
23:26:10.959,243,1188,1.189,21.82,284,1392,1.392,23.68,Low
23:26:11.959,234,1146,1.147,21.54,257,1258,1.259,20.93,Low
23:26:12.959,214,1048,1.048,23.09,316,1546,1.547,22.78,Low
23:26:13.959,257,1257,1.258,22.25,360,1761,1.762,24.01,Low
23:26:14.959,242,1187,1.187,21.24,216,1059,1.059,23.18,Low
23:26:15.959,230,1124,1.124,20.86,246,1203,1.203,22.03,Low
23:26:16.959,280,1368,1.369,22.71,265,1298,1.299,24.33,Low
23:26:17.959,247,1207,1.208,21.31,312,1528,1.528,23.49,Low
23:26:18.959,224,1096,1.096,21.85,239,1168,1.169,21.76,Low
23:26:19.959,264,1292,1.293,23.53,223,1090,1.09,23.51,Low
23:26:20.959,232,1134,1.135,21.61,247,1211,1.211,22.22,Low
23:26:21.959,246,1204,1.205,21.34,274,1340,1.341,22.95,Low
23:26:22.959,240,1176,1.176,21.27,248,1213,1.213,23.68,Low
23:26:23.959,255,1250,1.25,21.22,269,1314,1.315,23.68,Low
23:26:24.959,211,1033,1.033,22.43,245,1200,1.201,23.51,Low
23:26:25.959,229,1123,1.124,20.56,216,1055,1.056,23.04,Low
23:26:26.959,250,1225,1.226,21.28,285,1395,1.396,21.5,Low
23:26:27.959,244,1193,1.193,21.03,245,1202,1.202,23.04,Low
23:26:28.959,227,1113,1.114,21.69,296,1450,1.451,22.48,Low
23:26:29.959,262,1283,1.284,21.1,282,1379,1.379,24.3,Low
23:26:30.959,194,952,0.953,21.36,283,1386,1.387,22.82,Low
23:26:31.959,253,1237,1.237,21.52,268,1312,1.313,22.86,Low
23:26:32.959,269,1316,1.317,22.2,276,1350,1.351,22.63,Low
23:26:33.959,235,1151,1.151,21.65,278,1359,1.359,22.62,Low
23:26:34.959,251,1228,1.229,23.66,292,1430,1.431,22.71,Low
23:26:35.959,270,1320,1.32,21.67,203,994,0.994,22.09,Low
23:26:36.959,207,1012,1.013,21.72,266,1302,1.303,24.51,Low
23:26:37.959,252,1232,1.233,21.82,291,1424,1.424,21.01,Low
23:26:38.959,250,1223,1.224,22.62,220,1078,1.078,24.03,Low
23:26:39.959,252,1233,1.234,21.67,285,1394,1.395,25.04,Low
23:26:40.959,249,1218,1.218,22.2,251,1231,1.231,22.24,Low
23:26:41.959,262,1283,1.283,21.32,268,1310,1.311,22.57,Low
23:26:42.959,255,1247,1.248,22.27,297,1455,1.456,22.54,Low
23:26:43.959,239,1173,1.173,21.22,252,1233,1.233,23.34,Low
23:26:44.959,261,1275,1.276,21.26,292,1430,1.43,24.22,Low
23:26:45.959,253,1241,1.241,23.5,242,1183,1.184,21.88,Low
23:26:46.959,209,1022,1.022,23.2,286,1398,1.398,22.95,Low
23:26:47.959,251,1227,1.228,21.1,341,1666,1.667,23.12,Low
23:26:48.959,247,1210,1.211,22.58,280,1372,1.372,23.2,Low
23:26:49.959,229,1120,1.121,22.38,323,1582,1.582,24.21,Low
23:26:50.959,278,1359,1.359,21.59,235,1151,1.152,22.89,Low
23:26:51.959,246,1205,1.206,22.88,214,1046,1.046,24.38,Low
23:26:52.959,242,1184,1.184,21.66,234,1148,1.148,21.51,Low
23:26:53.959,262,1282,1.282,22.06,226,1106,1.107,21.83,Low
23:26:54.959,238,1166,1.166,23.34,258,1261,1.261,21.65,Low
23:26:55.959,240,1175,1.175,21.78,183,895,0.895,22.95,Low
23:26:56.959,240,1176,1.177,22.56,322,1577,1.577,24.01,Low
23:26:57.959,240,1173,1.173,21.11,344,1686,1.686,23.05,Low
23:26:58.959,245,1201,1.201,21.98,272,1329,1.33,22.87,Low
23:26:59.959,233,1142,1.143,21.56,264,1295,1.295,22.51,Low
23:27:00.959,230,1128,1.129,22.09,258,1261,1.262,24.35,Low
23:27:01.959,191,934,0.935,22.87,304,1486,1.487,21.13,Low
23:27:02.959,238,1165,1.166,21.7,222,1088,1.089,22.3,Low
23:27:03.959,222,1088,1.089,23.4,294,1440,1.44,24.14,Low
23:27:04.959,260,1272,1.272,21.1,249,1221,1.221,23.44,Low
23:27:05.959,220,1077,1.078,22.57,258,1263,1.264,22.66,Low
23:27:06.959,260,1271,1.271,22.36,254,1245,1.246,24.04,Low
23:27:07.959,223,1091,1.092,22.49,284,1388,1.389,22.72,Low
23:27:08.959,252,1232,1.233,21.0,294,1438,1.439,22.83,Low
23:27:09.959,234,1147,1.148,22.84,244,1194,1.194,21.73,Low
23:27:10.959,213,1044,1.044,22.48,226,1107,1.108,24.58,Low
23:27:11.959,202,991,0.992,23.36,272,1331,1.332,22.91,Low
23:27:12.959,234,1145,1.146,22.32,264,1294,1.294,23.99,Low
23:27:13.959,247,1211,1.211,22.12,254,1245,1.245,22.95,Low
23:27:14.959,251,1230,1.231,20.63,224,1097,1.098,23.67,Low
23:27:15.959,249,1217,1.217,21.85,266,1302,1.303,23.31,Low
23:27:16.959,234,1146,1.146,21.38,271,1329,1.329,22.12,Low
23:27:17.959,253,1240,1.241,20.64,297,1454,1.454,23.43,Low
23:27:18.959,250,1225,1.226,22.79,317,1549,1.55,23.91,Low
23:27:19.959,207,1015,1.016,20.98,246,1206,1.206,23.02,Low
23:27:20.959,256,1251,1.252,21.42,271,1328,1.328,22.32,Low
23:27:21.959,233,1138,1.139,20.87,237,1161,1.162,21.78,Low
23:27:22.959,225,1102,1.102,22.84,236,1157,1.158,25.37,Low
23:27:23.959,255,1249,1.249,22.15,239,1171,1.171,23.63,Low
23:27:24.959,233,1142,1.142,22.1,344,1684,1.684,22.91,Low
23:27:25.959,269,1314,1.315,21.44,264,1294,1.295,24.59,Low
23:27:26.959,232,1137,1.137,23.45,287,1406,1.406,22.49,Low
23:27:27.959,258,1263,1.263,22.78,285,1393,1.393,21.59,Low
23:27:28.959,230,1127,1.127,21.8,263,1288,1.289,23.56,Low
23:27:29.959,249,1217,1.218,20.93,277,1357,1.357,23.55,Low
23:27:30.959,256,1255,1.256,22.86,291,1425,1.425,23.41,Low
23:27:31.959,244,1192,1.193,20.67,279,1364,1.364,23.19,Low
23:27:32.959,251,1227,1.227,20.98,232,1137,1.138,23.95,Low
23:27:33.959,244,1196,1.196,22.55,266,1304,1.304,23.03,Low
23:27:34.959,264,1293,1.294,21.59,268,1314,1.314,22.58,Low
23:27:35.959,236,1156,1.157,21.75,272,1333,1.333,22.57,Low
23:27:36.959,271,1325,1.326,21.28,260,1271,1.272,22.6,Low
23:27:37.959,275,1344,1.345,22.16,297,1454,1.455,21.66,Low
23:27:38.959,250,1226,1.227,22.71,268,1312,1.312,23.96,Low
23:27:39.959,234,1148,1.148,23.13,336,1644,1.645,22.67,Low
23:27:40.959,236,1155,1.155,23.16,314,1536,1.537,22.53,Low
23:27:41.959,236,1157,1.158,21.77,224,1098,1.098,22.17,Low
23:27:42.959,224,1099,1.1,21.39,264,1294,1.295,23.21,Low
23:27:43.959,277,1355,1.355,21.2,296,1447,1.448,22.81,Low
23:27:44.959,244,1195,1.195,22.54,231,1131,1.132,23.34,Low
23:27:45.959,248,1216,1.217,22.39,274,1343,1.343,25.21,Low
23:27:46.959,232,1136,1.136,21.58,246,1206,1.207,22.5,Low
23:27:47.959,232,1136,1.136,22.95,309,1513,1.513,22.49,Low
23:27:48.959,228,1116,1.117,22.38,249,1217,1.217,23.57,Low
23:27:49.959,249,1220,1.22,20.79,313,1532,1.532,24.62,Low
23:27:50.959,232,1138,1.139,21.69,274,1342,1.343,23.3,Low
23:27:51.959,258,1265,1.266,23.61,260,1273,1.273,22.28,Low
23:27:52.959,217,1062,1.062,21.42,264,1295,1.295,24.62,Low
23:27:53.959,234,1148,1.148,22.18,265,1297,1.298,24.07,Low
23:27:54.959,297,1452,1.453,21.58,250,1226,1.227,23.94,Low
23:27:55.959,259,1268,1.268,23.48,283,1387,1.388,22.68,Low
23:27:56.959,257,1259,1.259,22.89,291,1423,1.423,23.46,Low
23:27:57.959,267,1306,1.307,22.94,308,1507,1.507,23.58,Low
23:27:58.959,242,1183,1.183,22.12,303,1480,1.481,22.26,Low
23:27:59.959,253,1236,1.237,21.69,266,1304,1.304,24.15,Low
23:28:00.959,249,1219,1.219,22.04,224,1096,1.096,23.67,Low
23:28:01.959,258,1264,1.265,23.73,256,1253,1.254,23.2,Low
23:28:02.959,250,1224,1.225,23.26,263,1285,1.286,23.25,Low
23:28:03.959,257,1260,1.261,22.15,252,1233,1.233,23.17,Low
23:28:04.959,267,1307,1.307,21.18,270,1319,1.32,22.37,Low
23:28:05.959,269,1319,1.32,20.78,248,1216,1.216,23.34,Low
23:28:06.959,277,1356,1.357,21.95,248,1216,1.217,24.69,Low
23:28:07.959,215,1055,1.055,20.24,279,1366,1.366,22.55,Low
23:28:08.959,224,1097,1.098,22.57,273,1336,1.337,22.49,Low
23:28:09.959,219,1071,1.072,22.7,285,1397,1.398,22.91,Low
23:28:10.959,283,1384,1.385,21.14,219,1071,1.071,22.38,Low
23:28:11.959,244,1195,1.195,22.19,258,1263,1.264,23.32,Low
23:28:12.959,219,1074,1.075,23.16,263,1287,1.288,24.01,Low
23:28:13.959,252,1234,1.234,22.37,283,1385,1.385,23.4,Low
23:28:14.959,258,1264,1.264,23.06,272,1329,1.329,23.64,Low
23:28:15.959,243,1191,1.191,23.15,245,1198,1.199,24.62,Low
23:28:16.959,244,1195,1.196,20.86,269,1319,1.319,22.39,Low
23:28:17.959,262,1284,1.284,21.48,252,1233,1.233,21.3,Low
23:28:18.959,236,1154,1.155,20.06,217,1062,1.062,23.68,Low
23:28:19.959,261,1278,1.279,22.34,236,1154,1.155,22.96,Low
23:28:20.959,245,1199,1.2,21.07,312,1525,1.526,23.79,Low
23:28:21.959,240,1177,1.178,22.02,272,1331,1.331,21.16,Low
23:28:22.959,240,1175,1.175,21.45,235,1149,1.15,22.75,Low
23:28:23.959,282,1379,1.38,22.51,248,1214,1.214,23.52,Low
23:28:24.959,274,1339,1.34,22.74,267,1308,1.309,22.42,Low
23:28:25.959,259,1269,1.27,22.31,293,1434,1.434,23.57,Low
23:28:26.959,266,1304,1.305,21.57,306,1497,1.498,23.18,Low
23:28:27.959,287,1407,1.408,21.45,319,1560,1.56,23.18,Low
23:28:28.959,232,1134,1.135,21.61,256,1251,1.252,23.38,Low
23:28:29.959,256,1252,1.252,21.54,265,1296,1.296,24.93,Low
23:28:30.959,280,1372,1.373,22.35,267,1305,1.306,23.11,Low
23:28:31.959,258,1261,1.261,21.18,258,1261,1.261,21.5,Low
23:28:32.959,253,1239,1.24,22.52,251,1227,1.228,24.42,Low
23:28:33.959,220,1077,1.077,20.83,272,1333,1.334,23.94,Low
23:28:34.959,279,1368,1.368,21.63,299,1461,1.462,22.97,Low
23:28:35.959,241,1182,1.183,22.71,285,1397,1.398,21.58,Low
23:28:36.959,275,1347,1.348,23.1,246,1206,1.206,23.36,Low
23:28:37.959,255,1249,1.249,22.21,249,1217,1.217,22.4,Low
23:28:38.959,244,1197,1.197,22.94,282,1381,1.382,22.67,Low
23:28:39.959,261,1277,1.277,19.72,301,1472,1.472,21.43,Low
23:28:40.959,238,1163,1.164,21.1,226,1105,1.106,24.04,Low
23:28:41.959,235,1153,1.153,22.28,264,1292,1.293,23.43,Low
23:28:42.959,247,1207,1.208,20.97,296,1449,1.449,22.56,Low
23:28:43.959,213,1044,1.044,21.66,312,1525,1.525,23.77,Low
23:28:44.959,238,1165,1.165,21.72,256,1251,1.252,24.87,Low
23:28:45.959,253,1238,1.238,22.34,297,1454,1.455,23.21,Low
23:28:46.959,240,1174,1.174,21.84,263,1289,1.289,22.97,Low
23:28:47.959,260,1272,1.273,22.04,288,1409,1.41,22.93,Low
23:28:48.959,247,1207,1.208,20.4,294,1437,1.437,23.31,Low
23:28:49.959,265,1299,1.3,19.68,330,1613,1.613,22.87,Low
23:28:50.959,268,1310,1.311,21.17,284,1391,1.392,22.05,Low
23:28:51.959,232,1137,1.138,23.53,260,1271,1.271,23.2,Low
23:28:52.959,263,1287,1.287,22.4,270,1322,1.323,23.33,Low
23:28:53.959,294,1440,1.44,21.95,272,1330,1.33,23.95,Low
23:28:54.959,268,1310,1.311,22.95,285,1395,1.396,21.97,Low
23:28:55.959,278,1363,1.363,21.08,275,1345,1.345,22.32,Low
23:28:56.959,244,1193,1.194,22.26,275,1348,1.348,23.38,Low
23:28:57.959,278,1361,1.361,22.36,258,1263,1.263,23.87,Low
23:28:58.959,269,1318,1.319,21.02,284,1389,1.39,23.63,Low
23:28:59.959,239,1170,1.17,23.1,261,1277,1.277,23.11,Low
23:29:00.959,241,1182,1.183,22.01,232,1135,1.136,21.7,Low
23:29:01.959,278,1359,1.359,21.32,235,1151,1.151,21.06,Low
23:29:02.959,232,1136,1.136,20.94,316,1546,1.546,23.91,Low
23:29:03.959,231,1131,1.131,23.8,296,1447,1.447,22.71,Low
23:29:04.959,194,950,0.95,23.83,223,1091,1.092,21.52,Low
23:29:05.959,266,1302,1.302,23.95,308,1507,1.508,23.51,Low
23:29:06.959,257,1259,1.259,22.68,289,1413,1.414,23.25,Low
23:29:07.959,247,1210,1.21,21.95,242,1186,1.187,22.75,Low
23:29:08.959,210,1030,1.031,21.92,235,1151,1.152,22.01,Low
23:29:09.959,249,1217,1.218,23.11,294,1437,1.438,21.59,Low
23:29:10.959,225,1101,1.101,22.75,235,1152,1.153,22.8,Low
23:29:11.959,256,1255,1.255,21.23,269,1315,1.316,21.8,Low
23:29:12.959,233,1139,1.14,22.26,217,1061,1.061,23.4,Low
23:29:13.959,245,1198,1.198,22.44,272,1333,1.334,24.23,Low
23:29:14.959,248,1212,1.213,21.66,269,1318,1.318,23.49,Low
23:29:15.959,246,1204,1.205,22.03,244,1194,1.195,22.4,Low
23:29:16.959,216,1059,1.06,23.4,227,1113,1.113,22.38,Low
23:29:17.959,230,1128,1.128,22.72,256,1255,1.256,24.12,Low
23:29:18.959,231,1132,1.133,22.22,240,1174,1.175,24.93,Low
23:29:19.959,221,1081,1.081,22.25,285,1395,1.395,23.37,Low
23:29:20.959,241,1181,1.181,21.9,267,1306,1.307,22.87,Low
23:29:21.959,265,1296,1.296,23.77,248,1216,1.216,21.77,Low
23:29:22.959,243,1191,1.191,24.06,241,1179,1.179,24.48,Low
23:29:23.959,279,1367,1.368,21.56,283,1385,1.385,24.47,Low
23:29:24.959,237,1162,1.162,21.84,248,1212,1.213,22.09,Low
23:29:25.959,232,1135,1.135,21.02,267,1305,1.305,22.31,Low
23:29:26.959,250,1223,1.223,20.76,276,1349,1.35,23.75,Low
23:29:27.959,204,1000,1.001,22.3,303,1484,1.484,21.91,Low
23:29:28.959,279,1367,1.367,22.34,244,1194,1.194,22.95,Low
23:29:29.959,256,1255,1.256,22.06,282,1380,1.381,22.17,Low
23:29:30.959,248,1216,1.217,20.87,262,1283,1.283,22.19,Low
23:29:31.959,230,1126,1.126,22.99,299,1463,1.464,23.55,Low
23:29:32.959,223,1090,1.091,21.75,303,1481,1.482,23.13,Low
23:29:33.959,292,1431,1.432,22.31,271,1328,1.329,22.72,Low
23:29:34.959,248,1213,1.213,21.88,287,1406,1.406,23.86,Low
23:29:35.959,229,1121,1.121,20.94,209,1024,1.025,23.46,Low
23:29:36.959,222,1089,1.09,20.28,277,1358,1.358,25.24,Low
23:29:37.959,245,1199,1.199,22.67,268,1312,1.312,22.91,Low
23:29:38.959,264,1291,1.292,21.77,274,1340,1.34,23.29,Low
23:29:39.959,231,1133,1.133,22.79,260,1273,1.274,22.32,Low
23:29:40.959,256,1253,1.254,21.28,266,1304,1.304,22.99,Low
23:29:41.959,267,1308,1.309,22.38,265,1296,1.296,23.74,Low
23:29:42.959,273,1339,1.339,22.45,266,1301,1.302,21.82,Low
23:29:43.959,223,1093,1.093,21.76,247,1208,1.209,22.83,Low
23:29:44.959,246,1205,1.206,22.42,263,1289,1.289,23.44,Low
23:29:45.959,246,1206,1.206,20.42,237,1159,1.159,22.87,Low
23:29:46.959,220,1079,1.079,22.48,312,1529,1.53,24.1,Low
23:29:47.959,241,1178,1.179,23.19,270,1322,1.322,22.7,Low
23:29:48.959,232,1138,1.139,21.76,254,1241,1.242,23.15,Low
23:29:49.959,248,1216,1.216,22.0,279,1365,1.366,24.07,Low
23:29:50.959,264,1294,1.295,20.81,187,916,0.917,23.84,Low
23:29:51.959,217,1063,1.063,21.82,230,1124,1.124,21.38,Low
23:29:52.959,256,1254,1.254,22.61,248,1213,1.214,20.67,Low
23:29:53.959,234,1145,1.145,22.31,220,1078,1.078,23.17,Low
23:29:54.959,245,1198,1.198,22.46,269,1317,1.318,22.12,Low
23:29:55.959,270,1319,1.32,21.87,265,1295,1.296,22.16,Low
23:29:56.959,236,1155,1.156,21.29,260,1274,1.274,24.54,Low
23:29:57.959,217,1062,1.063,20.71,311,1520,1.521,22.81,Low
23:29:58.959,231,1133,1.133,22.83,247,1209,1.209,24.64,Low
23:29:59.959,259,1267,1.268,21.61,332,1623,1.624,22.45,Low
23:30:00.959,260,1274,1.274,22.24,305,1495,1.495,24.41,Low
23:30:01.959,246,1203,1.203,21.4,280,1368,1.369,22.39,Low
23:30:02.959,286,1401,1.401,22.11,254,1245,1.245,23.17,Low
23:30:03.959,217,1065,1.065,21.22,302,1480,1.48,22.41,Low
23:30:04.959,224,1095,1.095,22.43,302,1477,1.478,23.65,Low
23:30:05.959,265,1299,1.3,21.39,222,1086,1.087,24.35,Low
23:30:06.959,238,1167,1.168,21.8,306,1499,1.499,23.5,Low
23:30:07.959,254,1245,1.246,23.73,246,1203,1.203,23.84,Low
23:30:08.959,246,1205,1.206,22.21,312,1529,1.529,23.46,Low
23:30:09.959,256,1253,1.254,22.86,254,1245,1.245,22.24,Low
23:30:10.959,224,1095,1.096,20.43,329,1608,1.608,22.01,Low
23:30:11.959,240,1177,1.178,21.78,275,1346,1.346,23.73,Low
23:30:12.959,263,1286,1.286,21.53,260,1274,1.275,23.25,Low
23:30:13.959,240,1175,1.175,23.29,281,1373,1.374,23.66,Low
23:30:14.959,259,1266,1.266,22.94,271,1327,1.327,21.83,Low
23:30:15.959,253,1239,1.24,21.48,249,1220,1.221,23.53,Low
23:30:16.959,270,1323,1.324,22.02,275,1346,1.346,24.53,Low
23:30:17.959,250,1224,1.224,24.08,283,1384,1.385,21.42,Low
23:30:18.959,260,1275,1.275,22.3,305,1493,1.493,23.61,Low
23:30:19.959,242,1186,1.186,21.02,259,1268,1.269,22.23,Low
23:30:20.959,233,1141,1.142,22.47,317,1550,1.55,23.36,Low
23:30:21.959,221,1080,1.08,22.36,302,1479,1.479,22.45,Low
23:30:22.959,242,1186,1.187,22.01,241,1182,1.182,23.58,Low
23:30:23.959,243,1187,1.188,22.34,238,1166,1.167,22.61,Low
23:30:24.959,260,1272,1.272,21.7,318,1559,1.559,22.64,Low
23:30:25.959,250,1222,1.222,22.75,222,1087,1.087,21.42,Low
23:30:26.959,214,1047,1.047,23.01,249,1217,1.217,25.3,Low
23:30:27.959,233,1143,1.144,22.15,313,1531,1.531,24.81,Low
23:30:28.959,287,1406,1.406,22.97,297,1453,1.454,23.53,Low
23:30:29.959,261,1277,1.278,21.56,240,1177,1.177,23.0,Low
23:30:30.959,242,1182,1.183,21.64,287,1404,1.404,23.86,Low
23:30:31.959,247,1208,1.209,23.18,230,1128,1.129,22.83,Low
23:30:32.959,230,1128,1.128,20.51,263,1287,1.288,22.89,Low
23:30:33.959,276,1351,1.351,22.5,234,1146,1.146,24.67,Low
23:30:34.959,270,1322,1.322,22.47,259,1266,1.266,22.14,Low
23:30:35.959,237,1162,1.163,22.87,323,1582,1.583,24.39,Low
23:30:36.959,235,1151,1.151,21.1,270,1321,1.321,21.41,Low
23:30:37.959,252,1232,1.232,21.88,251,1230,1.23,21.56,Low
23:30:38.959,256,1251,1.251,21.57,230,1124,1.125,20.41,Low
23:30:39.959,244,1197,1.197,23.42,316,1549,1.549,22.59,Low
23:30:40.959,233,1139,1.14,22.38,235,1150,1.15,23.27,Low
23:30:41.959,261,1276,1.277,22.98,262,1284,1.285,22.82,Low
23:30:42.959,227,1112,1.112,21.34,259,1266,1.266,23.33,Low
23:30:43.959,264,1291,1.291,21.36,311,1523,1.524,22.76,Low
23:30:44.959,245,1197,1.198,21.4,191,936,0.936,23.8,Low
23:30:45.959,260,1273,1.274,21.77,268,1310,1.31,23.46,Low
23:30:46.959,213,1043,1.044,21.58,290,1419,1.419,21.87,Low
23:30:47.959,251,1229,1.229,20.91,280,1369,1.37,22.97,Low
23:30:48.959,212,1038,1.038,22.93,243,1189,1.19,22.27,Low
23:30:49.959,249,1220,1.22,22.92,234,1147,1.148,23.06,Low
23:30:50.959,254,1242,1.243,22.55,271,1326,1.326,22.67,Low
23:30:51.959,228,1117,1.117,22.07,233,1139,1.139,20.37,Low
23:30:52.959,254,1243,1.244,22.72,193,945,0.946,22.09,Low
23:30:53.959,258,1261,1.262,23.65,266,1303,1.303,22.34,Low
23:30:54.959,425,2081,2.082,16.1,389,1903,1.903,15.28,Moderate
23:30:55.959,419,2051,2.052,14.24,412,2018,2.018,17.46,Moderate
23:30:56.959,436,2132,2.132,14.8,400,1956,1.956,14.59,Moderate
23:30:57.959,447,2188,2.188,14.94,403,1972,1.973,18.87,Moderate
23:30:58.959,435,2129,2.13,14.4,396,1936,1.936,17.03,Moderate
23:30:59.959,431,2111,2.111,13.85,437,2137,2.138,15.4,Moderate
23:31:00.959,467,2287,2.287,15.86,395,1932,1.933,17.15,Moderate
23:31:01.959,431,2106,2.107,15.68,424,2072,2.073,15.24,Moderate
23:31:02.959,416,2035,2.036,15.82,398,1949,1.95,15.64,Moderate
23:31:03.959,410,2004,2.004,15.34,472,2309,2.309,15.04,Moderate
23:31:04.959,430,2102,2.102,16.13,406,1988,1.988,16.41,Moderate
23:31:05.959,407,1993,1.994,15.34,403,1971,1.972,16.89,Moderate
23:31:06.959,453,2218,2.219,17.07,426,2086,2.087,16.29,Moderate
23:31:07.959,433,2119,2.119,14.72,419,2050,2.051,15.73,Moderate
23:31:08.959,433,2116,2.117,16.05,378,1849,1.849,17.03,Moderate
23:31:09.959,456,2231,2.232,14.91,344,1681,1.682,15.45,Moderate
23:31:10.959,456,2229,2.23,14.98,378,1850,1.85,15.55,Moderate
23:31:11.959,446,2184,2.184,15.44,401,1964,1.964,15.67,Moderate
23:31:12.959,421,2060,2.061,14.26,458,2242,2.242,15.71,Moderate
23:31:13.959,454,2221,2.222,16.22,439,2149,2.15,15.61,Moderate
23:31:14.959,437,2140,2.14,14.98,381,1864,1.864,16.29,Moderate
23:31:15.959,405,1982,1.982,15.95,394,1930,1.93,16.18,Moderate
23:31:16.959,435,2128,2.128,14.79,427,2088,2.088,15.57,Moderate
23:31:17.959,447,2187,2.187,13.92,413,2018,2.019,17.75,Moderate
23:31:18.959,409,1999,2.0,14.46,424,2077,2.077,16.16,Moderate
23:31:19.959,436,2135,2.135,15.39,428,2095,2.095,17.0,Moderate
23:31:20.959,438,2140,2.141,14.81,429,2100,2.101,17.71,Moderate
23:31:21.959,426,2086,2.087,14.22,443,2166,2.166,15.89,Moderate
23:31:22.959,385,1882,1.883,15.68,392,1919,1.92,15.92,Moderate
23:31:23.959,436,2133,2.133,15.15,430,2106,2.106,15.61,Moderate
23:31:24.959,440,2151,2.151,14.79,431,2110,2.111,16.55,Moderate
23:31:25.959,410,2006,2.006,15.87,392,1919,1.92,16.73,Moderate
23:31:26.959,437,2136,2.137,16.47,402,1966,1.966,15.69,Moderate
23:31:27.959,429,2098,2.098,14.76,433,2119,2.12,14.55,Moderate
23:31:28.959,408,1994,1.995,14.15,438,2142,2.143,17.54,Moderate
23:31:29.959,427,2089,2.09,14.86,411,2010,2.011,17.05,Moderate
23:31:30.959,410,2007,2.007,15.19,439,2146,2.146,16.45,Moderate
23:31:31.959,433,2118,2.119,15.8,326,1594,1.595,16.61,Moderate
23:31:32.959,416,2034,2.035,13.54,424,2076,2.077,17.24,Moderate
23:31:33.959,426,2086,2.086,15.76,458,2241,2.242,17.18,Moderate
23:31:34.959,463,2263,2.264,15.59,411,2011,2.011,14.56,Moderate
23:31:35.959,424,2075,2.075,14.33,475,2325,2.326,15.84,Moderate
23:31:36.959,432,2112,2.112,15.44,410,2006,2.007,17.53,Moderate
23:31:37.959,416,2037,2.038,15.16,386,1888,1.889,14.81,Moderate
23:31:38.959,417,2038,2.039,14.97,396,1935,1.936,15.38,Moderate
23:31:39.959,400,1959,1.959,14.93,363,1774,1.774,16.68,Moderate
23:31:40.959,431,2108,2.108,13.83,399,1953,1.954,15.32,Moderate
23:31:41.959,436,2131,2.132,16.07,351,1718,1.719,16.1,Moderate
23:31:42.959,426,2083,2.084,15.54,415,2031,2.032,15.32,Moderate
23:31:43.959,423,2068,2.068,14.36,442,2161,2.161,16.02,Moderate
23:31:44.959,468,2290,2.29,14.95,387,1893,1.894,14.64,Moderate
23:31:45.959,392,1919,1.92,13.73,417,2040,2.04,16.46,Moderate
23:31:46.959,397,1941,1.942,15.72,394,1927,1.928,16.13,Moderate
23:31:47.959,462,2261,2.261,15.72,400,1959,1.96,15.2,Moderate
23:31:48.959,385,1884,1.885,14.42,402,1968,1.968,15.11,Moderate
23:31:49.959,426,2086,2.087,15.06,402,1966,1.966,15.41,Moderate
23:31:50.959,433,2116,2.117,15.35,375,1836,1.836,17.27,Moderate
23:31:51.959,427,2090,2.09,15.02,430,2106,2.106,16.21,Moderate
23:31:52.959,449,2195,2.195,15.23,390,1908,1.908,16.33,Moderate
23:31:53.959,406,1985,1.986,15.09,408,1995,1.995,15.81,Moderate
23:31:54.959,427,2087,2.087,13.49,392,1917,1.918,16.08,Moderate
23:31:55.959,432,2115,2.116,14.18,448,2189,2.19,15.22,Moderate
23:31:56.959,449,2196,2.197,15.34,389,1903,1.903,17.6,Moderate
23:31:57.959,405,1980,1.981,15.74,439,2150,2.15,15.4,Moderate
23:31:58.959,458,2239,2.239,14.8,418,2043,2.043,16.23,Moderate
23:31:59.959,426,2086,2.087,15.65,433,2119,2.119,14.43,Moderate
23:32:00.959,456,2230,2.23,13.67,440,2154,2.155,17.01,Moderate
23:32:01.959,407,1990,1.991,14.67,375,1834,1.834,15.81,Moderate
23:32:02.959,423,2069,2.069,15.62,449,2196,2.197,17.26,Moderate
23:32:03.959,418,2043,2.044,14.83,357,1747,1.747,15.27,Moderate
23:32:04.959,449,2196,2.196,16.29,371,1814,1.815,15.47,Moderate
23:32:05.959,429,2097,2.097,15.22,384,1878,1.879,16.38,Moderate
23:32:06.959,419,2052,2.053,14.99,425,2081,2.082,16.01,Moderate
23:32:07.959,420,2056,2.056,14.91,406,1986,1.987,15.67,Moderate
23:32:08.959,424,2074,2.074,16.28,426,2084,2.084,15.73,Moderate
23:32:09.959,443,2169,2.17,14.73,445,2175,2.176,16.33,Moderate
23:32:10.959,427,2089,2.089,15.36,360,1764,1.764,14.99,Moderate
23:32:11.959,405,1980,1.981,15.11,462,2259,2.26,18.01,Moderate
23:32:12.959,442,2163,2.164,15.4,353,1729,1.73,15.51,Moderate
23:32:13.959,413,2021,2.021,14.5,404,1974,1.975,15.58,Moderate
23:32:14.959,389,1902,1.902,15.6,376,1839,1.839,16.22,Moderate
23:32:15.959,472,2307,2.307,14.26,331,1620,1.62,15.74,Moderate
23:32:16.959,452,2210,2.21,16.57,371,1815,1.816,16.45,Moderate
23:32:17.959,420,2053,2.053,14.92,490,2396,2.397,14.65,Moderate
23:32:18.959,434,2125,2.125,15.37,442,2162,2.163,16.09,Moderate
23:32:19.959,435,2130,2.131,14.69,417,2040,2.04,15.69,Moderate
23:32:20.959,442,2162,2.162,14.7,420,2056,2.057,15.97,Moderate
23:32:21.959,452,2212,2.213,14.96,354,1734,1.734,17.14,Moderate
23:32:22.959,411,2009,2.009,14.48,390,1910,1.911,17.24,Moderate
23:32:23.959,385,1886,1.886,17.51,441,2158,2.158,16.2,Moderate
23:32:24.959,428,2094,2.095,15.23,425,2078,2.078,16.58,Moderate
23:32:25.959,441,2155,2.156,15.07,403,1970,1.97,15.86,Moderate
23:32:26.959,425,2080,2.081,15.91,427,2089,2.089,13.35,Moderate
23:32:27.959,443,2165,2.166,15.16,408,1997,1.997,15.65,Moderate
23:32:28.959,452,2212,2.212,15.76,385,1884,1.884,16.37,Moderate
23:32:29.959,409,2002,2.003,13.9,389,1905,1.906,16.78,Moderate
23:32:30.959,449,2195,2.195,15.41,431,2108,2.109,16.46,Moderate
23:32:31.959,416,2035,2.036,15.35,433,2120,2.12,16.68,Moderate
23:32:32.959,453,2218,2.219,15.57,419,2052,2.053,16.96,Moderate
23:32:33.959,429,2097,2.097,14.29,404,1975,1.976,15.33,Moderate
23:32:34.959,415,2032,2.032,14.88,384,1881,1.881,15.72,Moderate
23:32:35.959,390,1910,1.911,15.17,409,2000,2.0,15.26,Moderate
23:32:36.959,443,2165,2.166,15.75,359,1758,1.759,15.31,Moderate
23:32:37.959,413,2023,2.023,14.25,434,2124,2.124,15.83,Moderate
23:32:38.959,424,2073,2.074,13.4,428,2095,2.095,14.88,Moderate
23:32:39.959,430,2105,2.106,15.22,450,2204,2.204,14.82,Moderate
23:32:40.959,367,1798,1.798,15.15,464,2270,2.27,17.12,Moderate
23:32:41.959,433,2120,2.121,14.61,433,2121,2.121,15.12,Moderate
23:32:42.959,439,2147,2.148,15.4,441,2159,2.159,18.48,Moderate
23:32:43.959,437,2139,2.139,14.59,408,1996,1.996,14.41,Moderate
23:32:44.959,415,2030,2.031,14.67,393,1921,1.921,16.14,Moderate
23:32:45.959,412,2017,2.018,15.9,409,2000,2.0,15.99,Moderate
23:32:46.959,422,2067,2.067,15.12,434,2123,2.124,15.22,Moderate
23:32:47.959,416,2034,2.034,14.76,367,1798,1.798,15.26,Moderate
23:32:48.959,419,2052,2.052,15.7,417,2039,2.039,16.17,Moderate
23:32:49.959,447,2185,2.185,14.89,421,2058,2.059,15.91,Moderate
23:32:50.959,435,2126,2.127,14.53,334,1634,1.634,15.88,Moderate
23:32:51.959,458,2242,2.242,15.74,438,2144,2.145,17.11,Moderate
23:32:52.959,431,2108,2.109,15.16,390,1907,1.907,15.72,Moderate
23:32:53.959,442,2161,2.162,15.96,404,1979,1.979,15.59,Moderate
23:32:54.959,429,2100,2.1,15.48,364,1783,1.783,13.93,Moderate
23:32:55.959,418,2044,2.045,14.02,393,1923,1.924,15.87,Moderate
23:32:56.959,420,2054,2.055,16.16,419,2049,2.049,16.27,Moderate
23:32:57.959,442,2162,2.162,14.09,441,2155,2.156,15.93,Moderate
23:32:58.959,443,2167,2.167,14.14,361,1766,1.767,16.74,Moderate
23:32:59.959,437,2137,2.138,14.28,382,1869,1.87,17.01,Moderate
23:33:00.959,405,1981,1.981,16.31,381,1864,1.865,16.57,Moderate
23:33:01.959,422,2067,2.067,15.48,392,1918,1.918,15.85,Moderate
23:33:02.959,430,2104,2.104,14.2,431,2111,2.111,15.54,Moderate
23:33:03.959,424,2077,2.077,14.2,330,1615,1.616,15.83,Moderate
23:33:04.959,479,2341,2.341,15.63,408,1997,1.997,15.76,Moderate
23:33:05.959,430,2102,2.102,15.44,372,1822,1.823,17.0,Moderate
23:33:06.959,444,2171,2.172,15.57,422,2065,2.066,16.02,Moderate
23:33:07.959,443,2167,2.167,15.47,398,1946,1.947,15.48,Moderate
23:33:08.959,431,2110,2.11,16.24,371,1814,1.814,14.68,Moderate
23:33:09.959,433,2116,2.116,15.04,414,2026,2.026,16.22,Moderate
23:33:10.959,425,2077,2.078,16.19,360,1759,1.76,15.25,Moderate
23:33:11.959,427,2089,2.09,13.69,403,1973,1.974,17.5,Moderate
23:33:12.959,430,2102,2.102,15.18,370,1810,1.811,15.45,Moderate
23:33:13.959,421,2062,2.062,14.75,448,2192,2.192,16.5,Moderate
23:33:14.959,406,1988,1.989,15.2,424,2074,2.075,17.03,Moderate
23:33:15.959,461,2258,2.258,14.19,384,1878,1.878,14.87,Moderate
23:33:16.959,424,2076,2.077,15.37,439,2148,2.148,15.93,Moderate
23:33:17.959,423,2068,2.068,15.12,383,1874,1.875,17.88,Moderate
23:33:18.959,396,1939,1.939,15.15,471,2303,2.304,16.01,Moderate
23:33:19.959,425,2080,2.081,14.71,403,1972,1.973,17.24,Moderate
23:33:20.959,384,1878,1.879,16.23,365,1786,1.786,15.76,Moderate
23:33:21.959,420,2057,2.057,15.47,360,1760,1.76,16.42,Moderate
23:33:22.959,471,2302,2.302,13.91,415,2028,2.028,15.4,Moderate
23:33:23.959,438,2142,2.143,15.02,389,1903,1.904,16.44,Moderate
23:33:24.959,466,2280,2.28,14.85,431,2107,2.108,14.84,Moderate
23:33:25.959,410,2004,2.004,15.38,454,2222,2.223,16.32,Moderate
23:33:26.959,423,2068,2.069,15.0,370,1812,1.812,16.54,Moderate
23:33:27.959,447,2188,2.188,14.64,394,1929,1.929,16.24,Moderate
23:33:28.959,420,2056,2.056,14.95,473,2314,2.315,15.78,Moderate
23:33:29.959,422,2064,2.064,14.48,432,2111,2.112,15.84,Moderate
23:33:30.959,416,2035,2.035,16.06,452,2212,2.213,15.46,Moderate
23:33:31.959,391,1913,1.913,15.81,388,1897,1.897,16.71,Moderate
23:33:32.959,389,1902,1.903,15.71,372,1818,1.818,16.66,Moderate
23:33:33.959,429,2101,2.101,14.24,396,1938,1.939,16.62,Moderate
23:33:34.959,431,2110,2.111,15.47,469,2296,2.296,14.59,Moderate
23:33:35.959,462,2261,2.262,15.08,381,1865,1.865,14.8,Moderate
23:33:36.959,425,2081,2.081,15.74,405,1980,1.981,17.36,Moderate
23:33:37.959,399,1954,1.955,14.99,370,1812,1.812,16.33,Moderate
23:33:38.959,447,2188,2.189,14.66,329,1609,1.609,16.18,Moderate
23:33:39.959,438,2143,2.144,15.32,447,2185,2.185,15.04,Moderate
23:33:40.959,443,2168,2.168,15.95,354,1733,1.733,16.29,Moderate
23:33:41.959,419,2049,2.05,14.93,419,2052,2.052,15.56,Moderate
23:33:42.959,415,2032,2.032,15.03,375,1836,1.837,15.02,Moderate
23:33:43.959,443,2167,2.168,14.08,429,2099,2.1,16.42,Moderate
23:33:44.959,394,1927,1.927,14.46,445,2179,2.179,15.12,Moderate
23:33:45.959,420,2053,2.054,15.37,433,2117,2.118,15.77,Moderate
23:33:46.959,417,2040,2.04,16.14,462,2260,2.261,16.88,Moderate
23:33:47.959,431,2108,2.109,14.35,383,1875,1.875,16.47,Moderate
23:33:48.959,438,2141,2.142,16.12,429,2097,2.098,14.65,Moderate
23:33:49.959,451,2205,2.205,14.2,397,1942,1.942,16.23,Moderate
23:33:50.959,470,2299,2.3,17.49,427,2091,2.091,15.84,Moderate
23:33:51.959,440,2153,2.153,15.71,399,1951,1.952,17.62,Moderate
23:33:52.959,434,2123,2.123,15.4,429,2099,2.1,16.38,Moderate
23:33:53.959,446,2183,2.184,14.51,392,1916,1.916,15.01,Moderate
23:33:54.959,438,2143,2.144,15.62,423,2068,2.069,17.51,Moderate
23:33:55.959,429,2099,2.099,15.53,375,1836,1.836,15.65,Moderate
23:33:56.959,443,2169,2.17,15.68,400,1955,1.956,15.94,Moderate
23:33:57.959,398,1948,1.948,14.71,436,2133,2.134,16.52,Moderate
23:33:58.959,439,2150,2.15,15.04,409,2001,2.001,15.41,Moderate
23:33:59.959,443,2169,2.17,15.34,424,2073,2.074,15.53,Moderate
23:34:00.959,385,1884,1.885,15.88,394,1928,1.928,15.22,Moderate
23:34:01.959,443,2169,2.169,14.69,441,2158,2.159,16.56,Moderate
23:34:02.959,443,2168,2.168,13.91,446,2181,2.182,16.24,Moderate
23:34:03.959,422,2063,2.063,15.11,354,1733,1.734,16.37,Moderate
23:34:04.959,408,1997,1.997,13.92,362,1771,1.772,17.0,Moderate
23:34:05.959,416,2037,2.037,16.23,392,1919,1.92,14.46,Moderate
23:34:06.959,406,1988,1.988,15.99,404,1976,1.977,15.51,Moderate
23:34:07.959,432,2116,2.116,15.4,443,2167,2.168,17.3,Moderate
23:34:08.959,422,2064,2.064,13.94,396,1937,1.938,16.23,Moderate
23:34:09.959,409,2003,2.004,14.23,419,2051,2.052,15.96,Moderate
23:34:10.959,430,2103,2.103,14.39,402,1965,1.965,15.17,Moderate
23:34:11.959,447,2189,2.189,15.83,352,1723,1.723,15.16,Moderate
23:34:12.959,399,1950,1.95,14.48,406,1987,1.987,14.7,Moderate
23:34:13.959,410,2007,2.008,14.2,415,2031,2.031,16.06,Moderate
23:34:14.959,414,2027,2.028,15.14,392,1917,1.918,15.76,Moderate
23:34:15.959,463,2267,2.267,16.07,369,1805,1.805,16.75,Moderate
23:34:16.959,446,2181,2.181,14.08,434,2122,2.123,17.38,Moderate
23:34:17.959,406,1987,1.988,14.27,440,2152,2.153,16.24,Moderate
23:34:18.959,440,2155,2.155,15.27,421,2058,2.059,14.81,Moderate
23:34:19.959,451,2204,2.205,15.94,402,1965,1.966,15.96,Moderate
23:34:20.959,398,1946,1.947,15.41,426,2085,2.086,15.94,Moderate
23:34:21.959,452,2212,2.212,14.73,426,2084,2.085,15.08,Moderate
23:34:22.959,429,2097,2.098,14.86,416,2033,2.034,15.67,Moderate
23:34:23.959,426,2086,2.087,15.66,395,1934,1.934,14.55,Moderate
23:34:24.959,465,2274,2.275,16.11,369,1806,1.806,16.62,Moderate
23:34:25.959,419,2049,2.05,15.21,418,2044,2.044,15.79,Moderate
23:34:26.959,413,2021,2.022,14.45,381,1862,1.863,15.25,Moderate
23:34:27.959,428,2093,2.093,14.43,430,2102,2.102,17.34,Moderate
23:34:28.959,417,2041,2.042,15.19,424,2074,2.075,16.42,Moderate
23:34:29.959,431,2107,2.108,15.59,424,2072,2.072,14.89,Moderate
23:34:30.959,447,2186,2.187,15.71,385,1885,1.886,16.03,Moderate
23:34:31.959,443,2168,2.168,14.83,442,2160,2.161,18.13,Moderate
23:34:32.959,413,2021,2.021,13.9,418,2045,2.046,16.65,Moderate
23:34:33.959,424,2076,2.077,16.16,368,1799,1.799,16.62,Moderate
23:34:34.959,417,2039,2.039,16.38,470,2298,2.299,15.31,Moderate
23:34:35.959,418,2045,2.045,15.69,397,1941,1.942,15.96,Moderate
23:34:36.959,430,2102,2.103,13.46,408,1997,1.998,15.38,Moderate
23:34:37.959,419,2050,2.051,16.15,370,1811,1.812,16.73,Moderate
23:34:38.959,423,2072,2.072,14.78,433,2118,2.119,16.31,Moderate
23:34:39.959,441,2157,2.157,15.77,399,1950,1.95,15.45,Moderate
23:34:40.959,407,1991,1.991,14.34,499,2442,2.442,17.12,Moderate
23:34:41.959,402,1964,1.965,13.94,423,2072,2.072,16.49,Moderate
23:34:42.959,440,2154,2.155,14.8,405,1981,1.981,16.3,Moderate
23:34:43.959,431,2108,2.109,13.22,402,1965,1.966,15.23,Moderate
23:34:44.959,433,2117,2.118,17.39,420,2055,2.055,15.72,Moderate
23:34:45.959,448,2192,2.192,15.39,422,2063,2.063,16.55,Moderate
23:34:46.959,471,2305,2.306,14.1,423,2071,2.071,15.17,Moderate
23:34:47.959,441,2155,2.156,14.27,396,1937,1.937,15.73,Moderate
23:34:48.959,449,2197,2.198,15.73,370,1813,1.813,16.05,Moderate
23:34:49.959,415,2029,2.029,13.99,402,1967,1.967,15.72,Moderate
23:34:50.959,479,2342,2.343,15.35,366,1793,1.793,15.49,Moderate
23:34:51.959,450,2202,2.202,16.67,360,1762,1.762,14.31,Moderate
23:34:52.959,467,2287,2.287,15.31,382,1869,1.87,16.48,Moderate
23:34:53.959,375,1836,1.836,15.0,419,2049,2.049,16.83,Moderate
23:34:54.959,408,1998,1.999,15.07,380,1861,1.861,16.23,Moderate
23:34:55.959,411,2010,2.01,14.67,378,1850,1.851,16.59,Moderate
23:34:56.959,447,2185,2.186,14.81,410,2005,2.006,14.7,Moderate
23:34:57.959,423,2070,2.07,14.96,489,2393,2.393,15.0,Moderate
23:34:58.959,459,2246,2.246,15.8,417,2042,2.042,17.58,Moderate
23:34:59.959,437,2137,2.137,15.31,407,1992,1.992,17.1,Moderate
23:35:00.959,452,2209,2.21,14.5,368,1802,1.802,15.82,Moderate
23:35:01.959,413,2019,2.02,14.95,447,2185,2.186,15.59,Moderate
23:35:02.959,428,2095,2.096,15.05,435,2127,2.127,13.98,Moderate
23:35:03.959,417,2039,2.039,15.17,446,2180,2.18,15.56,Moderate
23:35:04.959,391,1912,1.912,15.5,389,1904,1.905,14.93,Moderate
23:35:05.959,416,2037,2.038,14.85,390,1909,1.909,14.01,Moderate
23:35:06.959,448,2189,2.19,16.02,429,2097,2.098,14.98,Moderate
23:35:07.959,425,2079,2.08,14.99,427,2089,2.09,16.6,Moderate
23:35:08.959,414,2026,2.027,15.07,423,2068,2.069,17.31,Moderate
23:35:09.959,444,2170,2.17,15.63,411,2012,2.013,17.27,Moderate
23:35:10.959,438,2140,2.141,14.31,452,2210,2.211,16.63,Moderate
23:35:11.959,420,2055,2.056,14.62,418,2044,2.044,16.42,Moderate
23:35:12.959,433,2119,2.12,15.25,461,2254,2.255,16.96,Moderate
23:35:13.959,433,2119,2.119,15.75,377,1845,1.845,16.36,Moderate
23:35:14.959,466,2280,2.281,14.83,383,1872,1.873,15.41,Moderate
23:35:15.959,407,1991,1.991,14.37,397,1944,1.944,14.73,Moderate
23:35:16.959,429,2101,2.102,15.72,381,1863,1.864,17.37,Moderate
23:35:17.959,440,2151,2.151,15.82,389,1901,1.901,16.77,Moderate
23:35:18.959,407,1990,1.991,15.71,414,2025,2.026,16.5,Moderate
23:35:19.959,405,1982,1.982,14.28,427,2089,2.09,15.15,Moderate
23:35:20.959,439,2146,2.146,13.91,435,2127,2.127,14.89,Moderate
23:35:21.959,440,2155,2.155,15.5,387,1895,1.895,16.52,Moderate
23:35:22.959,434,2126,2.126,14.57,378,1848,1.849,14.23,Moderate
23:35:23.959,436,2134,2.135,13.75,412,2014,2.014,15.76,Moderate
23:35:24.959,443,2167,2.168,14.76,399,1950,1.951,16.66,Moderate
23:35:25.959,436,2133,2.134,15.25,423,2070,2.07,14.62,Moderate
23:35:26.959,445,2175,2.176,15.49,377,1847,1.847,15.78,Moderate
23:35:27.959,428,2096,2.096,14.89,419,2050,2.05,17.29,Moderate
23:35:28.959,451,2208,2.208,13.95,428,2093,2.093,17.2,Moderate
23:35:29.959,437,2138,2.139,15.87,470,2301,2.302,16.92,Moderate
23:35:30.959,434,2124,2.125,15.84,413,2021,2.022,16.02,Moderate
23:35:31.959,422,2064,2.065,16.25,384,1877,1.877,17.38,Moderate
23:35:32.959,439,2149,2.15,13.88,420,2055,2.055,14.11,Moderate
23:35:33.959,442,2162,2.163,15.71,391,1911,1.911,16.11,Moderate
23:35:34.959,469,2295,2.295,14.6,376,1841,1.841,17.33,Moderate
23:35:35.959,469,2296,2.296,15.0,440,2151,2.152,17.21,Moderate
23:35:36.959,414,2025,2.026,14.61,446,2184,2.185,17.52,Moderate
23:35:37.959,441,2156,2.156,14.3,470,2298,2.298,15.52,Moderate
23:35:38.959,422,2066,2.066,15.27,456,2233,2.233,16.77,Moderate
23:35:39.959,438,2141,2.141,15.37,410,2006,2.007,16.5,Moderate
23:35:40.959,377,1847,1.847,14.76,416,2036,2.036,14.96,Moderate
23:35:41.959,437,2138,2.139,14.84,463,2263,2.263,17.42,Moderate
23:35:42.959,420,2053,2.053,14.88,406,1988,1.989,15.59,Moderate
23:35:43.959,433,2119,2.12,14.39,374,1830,1.83,16.56,Moderate
23:35:44.959,442,2162,2.163,14.36,436,2134,2.134,15.43,Moderate
23:35:45.959,434,2125,2.125,15.66,408,1994,1.995,16.41,Moderate
23:35:46.959,419,2048,2.048,14.84,402,1969,1.969,15.33,Moderate
23:35:47.959,426,2082,2.082,13.76,394,1926,1.926,15.74,Moderate
23:35:48.959,424,2074,2.074,14.81,407,1990,1.991,16.43,Moderate
23:35:49.959,447,2187,2.187,14.48,372,1819,1.82,15.06,Moderate
23:35:50.959,419,2051,2.051,14.72,385,1884,1.885,14.83,Moderate
23:35:51.959,420,2054,2.054,15.15,427,2089,2.089,15.5,Moderate
23:35:52.959,421,2058,2.059,14.26,408,1995,1.995,15.24,Moderate
23:35:53.959,441,2157,2.157,13.57,398,1946,1.946,16.27,Moderate
23:35:54.959,678,3318,3.318,9.65,706,3452,3.452,7.1,High
23:35:55.959,673,3290,3.29,6.08,693,3387,3.388,7.25,High
23:35:56.959,693,3391,3.392,7.06,692,3382,3.382,7.43,High
23:35:57.959,710,3473,3.474,7.24,751,3674,3.675,8.73,High
23:35:58.959,685,3348,3.348,7.79,707,3459,3.459,6.27,High
23:35:59.959,669,3272,3.272,8.18,694,3392,3.393,6.74,High
23:36:00.959,674,3294,3.295,8.86,733,3587,3.587,7.94,High
23:36:01.959,694,3395,3.395,7.21,643,3144,3.144,7.17,High
23:36:02.959,707,3456,3.456,7.28,688,3363,3.363,7.73,High
23:36:03.959,714,3490,3.49,8.8,763,3732,3.733,7.86,High
23:36:04.959,681,3329,3.33,6.29,740,3621,3.622,6.95,High
23:36:05.959,679,3321,3.322,6.62,677,3311,3.312,7.25,High
23:36:06.959,662,3239,3.239,7.07,678,3317,3.318,8.75,High
23:36:07.959,652,3189,3.19,7.68,733,3582,3.583,7.54,High
23:36:08.959,660,3228,3.228,7.32,731,3576,3.577,8.17,High
23:36:09.959,664,3246,3.247,7.89,661,3234,3.235,8.61,High
23:36:10.959,683,3340,3.341,7.25,669,3274,3.274,7.2,High
23:36:11.959,686,3353,3.353,8.48,676,3304,3.304,8.41,High
23:36:12.959,632,3091,3.091,7.03,694,3395,3.395,7.18,High
23:36:13.959,656,3206,3.206,6.97,704,3443,3.444,7.83,High
23:36:14.959,629,3076,3.076,5.8,677,3308,3.309,8.41,High
23:36:15.959,618,3025,3.025,7.1,679,3321,3.321,9.25,High
23:36:16.959,667,3261,3.261,7.81,699,3421,3.421,6.08,High
23:36:17.959,690,3376,3.377,7.67,711,3476,3.476,11.53,High
23:36:18.959,632,3091,3.092,8.88,686,3356,3.357,8.26,High
23:36:19.959,674,3295,3.295,7.16,678,3314,3.315,8.3,High
23:36:20.959,644,3148,3.148,8.1,682,3337,3.338,6.98,High
23:36:21.959,665,3254,3.255,8.51,679,3319,3.32,8.32,High
23:36:22.959,660,3226,3.227,8.11,716,3502,3.503,9.66,High
23:36:23.959,671,3282,3.282,8.03,698,3414,3.415,9.17,High
23:36:24.959,660,3228,3.228,8.1,689,3370,3.371,7.94,High
23:36:25.959,677,3309,3.309,7.7,692,3382,3.383,8.19,High
23:36:26.959,707,3457,3.458,8.29,722,3530,3.53,7.59,High
23:36:27.959,656,3211,3.211,8.26,722,3531,3.531,9.33,High
23:36:28.959,662,3239,3.24,7.32,645,3154,3.154,7.65,High
23:36:29.959,695,3399,3.4,7.13,715,3496,3.496,7.83,High
23:36:30.959,681,3332,3.332,6.58,698,3412,3.413,5.31,High
23:36:31.959,671,3281,3.281,6.2,732,3580,3.581,8.7,High
23:36:32.959,684,3346,3.347,8.72,666,3257,3.258,9.57,High
23:36:33.959,694,3393,3.393,7.31,730,3570,3.57,7.0,High
23:36:34.959,658,3217,3.218,7.01,679,3320,3.321,7.05,High
23:36:35.959,700,3422,3.422,7.29,706,3452,3.453,7.49,High
23:36:36.959,637,3117,3.118,7.72,636,3113,3.113,7.94,High
23:36:37.959,647,3163,3.163,9.09,723,3536,3.537,8.1,High
23:36:38.959,701,3426,3.426,6.82,712,3481,3.482,8.18,High
23:36:39.959,680,3326,3.326,8.52,718,3509,3.51,8.26,High
23:36:40.959,641,3134,3.135,6.73,691,3381,3.382,8.08,High
23:36:41.959,652,3186,3.187,9.43,742,3627,3.627,8.54,High
23:36:42.959,676,3307,3.307,7.33,666,3257,3.257,8.07,High
23:36:43.959,680,3325,3.326,6.51,705,3450,3.45,7.86,High
23:36:44.959,636,3109,3.109,6.81,682,3337,3.338,9.7,High
23:36:45.959,686,3355,3.356,6.43,710,3472,3.473,6.61,High
23:36:46.959,697,3408,3.408,7.12,692,3385,3.386,9.19,High
23:36:47.959,648,3171,3.171,6.38,677,3312,3.312,8.93,High
23:36:48.959,644,3148,3.148,5.23,681,3332,3.332,8.5,High
23:36:49.959,699,3420,3.42,7.13,683,3338,3.338,9.04,High
23:36:50.959,636,3113,3.113,7.19,701,3428,3.429,8.4,High
23:36:51.959,664,3249,3.249,7.53,619,3026,3.027,7.41,High
23:36:52.959,684,3345,3.345,6.71,697,3408,3.409,8.4,High
23:36:53.959,668,3265,3.266,7.64,666,3255,3.256,7.81,High
23:36:54.959,687,3361,3.361,7.63,677,3312,3.312,8.2,High
23:36:55.959,689,3371,3.371,5.86,731,3573,3.574,7.7,High
23:36:56.959,683,3342,3.343,8.46,653,3194,3.194,7.36,High
23:36:57.959,669,3271,3.271,6.87,748,3660,3.66,7.23,High
23:36:58.959,663,3244,3.244,7.66,658,3219,3.22,7.64,High
23:36:59.959,681,3331,3.332,7.23,692,3385,3.386,7.52,High
23:37:00.959,644,3148,3.149,7.76,749,3663,3.663,8.02,High
23:37:01.959,679,3322,3.323,8.05,656,3209,3.21,9.53,High
23:37:02.959,679,3320,3.32,8.81,673,3290,3.29,9.64,High
23:37:03.959,691,3377,3.378,7.94,702,3435,3.435,7.78,High
23:37:04.959,699,3420,3.42,7.61,635,3104,3.105,6.99,High
23:37:05.959,671,3281,3.281,7.75,693,3391,3.392,9.1,High
23:37:06.959,635,3104,3.105,7.61,639,3127,3.127,8.68,High
23:37:07.959,673,3290,3.291,7.84,669,3270,3.27,9.15,High
23:37:08.959,696,3404,3.404,7.97,691,3380,3.381,8.52,High
23:37:09.959,660,3229,3.229,8.18,746,3647,3.647,8.96,High
23:37:10.959,660,3227,3.227,7.79,655,3206,3.206,8.52,High
23:37:11.959,684,3345,3.345,6.0,659,3225,3.226,7.75,High
23:37:12.959,669,3269,3.27,6.53,707,3458,3.458,8.23,High
23:37:13.959,671,3280,3.281,6.9,727,3557,3.557,9.49,High
23:37:14.959,665,3251,3.252,7.01,710,3473,3.474,7.68,High
23:37:15.959,672,3286,3.286,8.09,637,3113,3.114,9.19,High
23:37:16.959,676,3307,3.307,7.17,692,3386,3.387,7.97,High
23:37:17.959,639,3126,3.127,8.7,696,3406,3.406,8.4,High
23:37:18.959,694,3395,3.395,6.68,710,3471,3.471,7.76,High
23:37:19.959,692,3384,3.385,5.8,692,3385,3.385,7.46,High
23:37:20.959,684,3343,3.343,7.88,673,3293,3.294,7.36,High
23:37:21.959,672,3288,3.289,6.78,721,3526,3.526,7.67,High
23:37:22.959,615,3009,3.009,7.2,663,3244,3.244,6.53,High
23:37:23.959,649,3176,3.176,7.59,736,3599,3.599,8.28,High
23:37:24.959,662,3239,3.239,7.86,681,3331,3.331,7.37,High
23:37:25.959,651,3184,3.185,6.1,683,3341,3.342,8.14,High
23:37:26.959,673,3290,3.29,7.17,666,3258,3.258,8.55,High
23:37:27.959,648,3168,3.168,8.12,664,3249,3.25,7.32,High
23:37:28.959,645,3153,3.153,7.1,725,3546,3.546,8.46,High
23:37:29.959,695,3397,3.398,7.92,661,3234,3.234,7.7,High
23:37:30.959,659,3221,3.222,8.56,658,3220,3.22,8.8,High
23:37:31.959,693,3389,3.389,8.96,683,3338,3.339,8.64,High
23:37:32.959,721,3528,3.528,7.01,648,3169,3.17,6.31,High
23:37:33.959,689,3371,3.371,5.99,684,3344,3.344,8.39,High
23:37:34.959,678,3318,3.319,7.84,702,3433,3.433,9.15,High
23:37:35.959,655,3204,3.205,6.96,671,3284,3.284,8.75,High
23:37:36.959,693,3390,3.39,7.86,731,3577,3.578,6.94,High
23:37:37.959,709,3466,3.467,8.72,718,3510,3.51,9.6,High
23:37:38.959,641,3134,3.134,7.08,673,3289,3.29,8.65,High
23:37:39.959,653,3194,3.195,8.11,737,3605,3.606,8.63,High
23:37:40.959,680,3328,3.328,6.71,669,3272,3.273,9.12,High
23:37:41.959,691,3377,3.378,7.47,682,3337,3.337,6.18,High
23:37:42.959,653,3192,3.193,9.03,656,3207,3.208,8.17,High
23:37:43.959,695,3400,3.401,6.5,701,3427,3.428,8.84,High
23:37:44.959,675,3301,3.301,9.79,644,3149,3.15,8.95,High
23:37:45.959,671,3282,3.283,8.12,709,3466,3.466,7.34,High
23:37:46.959,679,3322,3.323,6.01,714,3490,3.49,8.27,High
23:37:47.959,688,3363,3.364,8.35,706,3455,3.455,8.13,High
23:37:48.959,657,3211,3.212,6.93,732,3578,3.578,9.29,High
23:37:49.959,670,3276,3.276,7.54,667,3264,3.264,9.06,High
23:37:50.959,688,3366,3.367,9.05,668,3268,3.268,7.66,High
23:37:51.959,679,3323,3.323,8.02,689,3367,3.368,7.21,High
23:37:52.959,693,3388,3.388,8.08,667,3262,3.263,9.22,High
23:37:53.959,699,3417,3.417,7.61,698,3411,3.412,8.5,High
23:37:54.959,657,3213,3.214,7.52,629,3077,3.077,8.79,High
23:37:55.959,643,3143,3.144,8.7,685,3350,3.35,7.81,High
23:37:56.959,662,3237,3.237,7.27,739,3612,3.613,5.76,High
23:37:57.959,701,3427,3.428,7.77,658,3218,3.219,7.03,High
23:37:58.959,709,3467,3.468,6.74,660,3226,3.227,9.02,High
23:37:59.959,682,3333,3.334,6.75,702,3432,3.432,7.08,High
23:38:00.959,697,3410,3.41,8.35,711,3479,3.48,8.33,High
23:38:01.959,711,3476,3.476,7.5,659,3222,3.223,8.4,High
23:38:02.959,717,3508,3.509,6.69,684,3345,3.346,8.37,High
23:38:03.959,674,3294,3.295,6.71,730,3568,3.568,10.09,High
23:38:04.959,679,3319,3.32,6.78,648,3167,3.168,8.23,High
23:38:05.959,697,3410,3.41,7.88,695,3399,3.4,7.47,High
23:38:06.959,652,3190,3.191,8.17,723,3537,3.537,6.61,High
23:38:07.959,707,3458,3.459,7.96,738,3609,3.61,6.79,High
23:38:08.959,647,3163,3.163,7.38,711,3475,3.475,9.62,High
23:38:09.959,689,3370,3.371,7.31,664,3246,3.246,9.11,High
23:38:10.959,655,3203,3.204,8.8,686,3357,3.357,9.43,High
23:38:11.959,689,3367,3.368,7.39,679,3322,3.322,7.69,High
23:38:12.959,683,3342,3.343,7.56,677,3310,3.311,7.85,High
23:38:13.959,676,3307,3.308,5.8,709,3468,3.469,7.12,High
23:38:14.959,651,3184,3.185,6.15,640,3130,3.131,6.78,High
23:38:15.959,660,3229,3.229,9.06,679,3321,3.321,8.16,High
23:38:16.959,683,3340,3.34,7.6,693,3388,3.388,6.92,High
23:38:17.959,704,3445,3.445,8.95,643,3147,3.148,7.08,High
23:38:18.959,669,3272,3.272,6.73,711,3475,3.476,7.34,High
23:38:19.959,719,3516,3.517,8.45,702,3431,3.432,8.92,High
23:38:20.959,697,3410,3.411,7.05,670,3277,3.278,8.07,High
23:38:21.959,692,3386,3.386,7.61,647,3163,3.163,7.28,High
23:38:22.959,673,3292,3.293,7.44,756,3695,3.696,6.75,High
23:38:23.959,685,3350,3.351,8.69,765,3740,3.741,7.64,High
23:38:24.959,685,3349,3.349,7.96,701,3429,3.429,7.91,High
23:38:25.959,684,3343,3.344,5.47,716,3502,3.502,8.11,High
23:38:26.959,670,3277,3.278,9.14,674,3298,3.299,7.64,High
23:38:27.959,715,3499,3.499,6.83,678,3317,3.317,7.87,High
23:38:28.959,692,3384,3.384,7.67,655,3206,3.206,7.52,High
23:38:29.959,662,3239,3.239,7.44,708,3463,3.464,8.38,High
23:38:30.959,638,3122,3.122,8.35,703,3437,3.438,9.25,High
23:38:31.959,684,3344,3.344,8.38,709,3469,3.47,9.21,High
23:38:32.959,685,3352,3.352,7.42,765,3740,3.741,8.8,High
23:38:33.959,686,3357,3.357,6.48,656,3206,3.207,8.26,High
23:38:34.959,678,3314,3.315,7.01,699,3421,3.421,9.43,High
23:38:35.959,689,3369,3.37,6.59,692,3383,3.383,7.28,High
23:38:36.959,667,3261,3.261,7.17,680,3328,3.328,6.87,High
23:38:37.959,672,3287,3.287,7.05,605,2960,2.961,9.85,High
23:38:38.959,697,3408,3.409,7.2,696,3402,3.403,6.95,High
23:38:39.959,709,3469,3.47,9.02,700,3423,3.424,8.92,High
23:38:40.959,678,3317,3.318,6.43,683,3338,3.338,8.12,High
23:38:41.959,665,3254,3.255,7.33,692,3386,3.386,7.93,High
23:38:42.959,676,3305,3.305,6.65,673,3292,3.292,6.84,High
23:38:43.959,695,3397,3.398,5.82,731,3573,3.573,9.25,High
23:38:44.959,668,3269,3.27,5.42,684,3345,3.346,7.94,High
23:38:45.959,654,3198,3.199,7.09,742,3629,3.63,8.6,High
23:38:46.959,656,3207,3.208,6.22,685,3350,3.351,7.81,High
23:38:47.959,685,3349,3.35,7.07,711,3476,3.477,9.74,High
23:38:48.959,691,3381,3.382,7.46,690,3372,3.373,7.68,High
23:38:49.959,699,3418,3.418,7.0,697,3406,3.407,8.05,High
23:38:50.959,664,3249,3.25,6.4,705,3448,3.448,7.95,High
23:38:51.959,685,3350,3.35,7.07,733,3583,3.583,7.21,High
23:38:52.959,710,3471,3.471,6.1,708,3465,3.465,8.43,High
23:38:53.959,658,3220,3.22,7.84,734,3591,3.592,6.0,High
23:38:54.959,685,3350,3.35,5.51,666,3255,3.255,9.47,High
23:38:55.959,663,3241,3.242,6.56,689,3370,3.37,9.86,High
23:38:56.959,637,3116,3.117,6.66,741,3624,3.625,9.67,High
23:38:57.959,673,3289,3.29,6.51,759,3714,3.714,9.43,High
23:38:58.959,689,3367,3.368,6.85,694,3392,3.393,7.86,High
23:38:59.959,681,3333,3.333,8.66,722,3531,3.532,7.03,High
23:39:00.959,703,3437,3.438,7.75,716,3503,3.503,9.32,High
23:39:01.959,652,3188,3.189,7.47,679,3320,3.32,6.59,High
23:39:02.959,682,3334,3.335,9.51,639,3123,3.124,7.97,High
23:39:03.959,688,3364,3.364,7.6,692,3383,3.383,6.83,High
23:39:04.959,679,3323,3.323,6.89,628,3071,3.072,9.08,High
23:39:05.959,694,3395,3.396,7.54,702,3434,3.434,8.97,High
23:39:06.959,679,3322,3.322,8.22,686,3355,3.355,9.18,High
23:39:07.959,681,3332,3.332,7.66,656,3209,3.209,8.26,High
23:39:08.959,658,3216,3.217,6.99,670,3277,3.278,7.04,High
23:39:09.959,718,3512,3.512,8.57,754,3688,3.688,6.9,High
23:39:10.959,676,3307,3.307,6.47,674,3295,3.296,7.17,High
23:39:11.959,700,3423,3.424,7.18,728,3560,3.56,8.54,High
23:39:12.959,722,3530,3.53,6.32,734,3588,3.589,9.03,High
23:39:13.959,655,3202,3.203,8.31,705,3450,3.45,7.8,High
23:39:14.959,658,3217,3.218,6.92,758,3707,3.707,8.0,High
23:39:15.959,691,3378,3.378,6.87,671,3283,3.283,8.97,High
23:39:16.959,647,3165,3.165,7.17,696,3405,3.405,8.1,High
23:39:17.959,671,3282,3.282,7.82,716,3503,3.504,8.66,High
23:39:18.959,655,3201,3.201,7.27,732,3579,3.579,8.81,High
23:39:19.959,647,3162,3.163,7.78,634,3103,3.103,8.04,High
23:39:20.959,714,3489,3.49,6.74,670,3274,3.275,8.69,High
23:39:21.959,643,3145,3.146,6.99,713,3489,3.489,7.43,High
23:39:22.959,670,3276,3.276,8.1,708,3463,3.463,8.24,High
23:39:23.959,668,3266,3.266,7.8,691,3381,3.381,8.41,High
23:39:24.959,665,3250,3.25,7.35,665,3251,3.252,7.97,High
23:39:25.959,658,3218,3.219,6.61,703,3438,3.439,8.19,High
23:39:26.959,691,3378,3.378,7.16,708,3461,3.461,8.5,High
23:39:27.959,684,3344,3.344,6.84,700,3422,3.422,8.33,High
23:39:28.959,675,3300,3.301,5.83,700,3424,3.424,9.99,High
23:39:29.959,667,3263,3.264,6.92,707,3456,3.456,8.28,High
23:39:30.959,699,3419,3.419,6.49,718,3509,3.51,8.53,High
23:39:31.959,672,3285,3.286,7.77,727,3554,3.554,8.79,High
23:39:32.959,651,3185,3.186,8.16,693,3390,3.39,8.07,High
23:39:33.959,676,3307,3.307,7.38,732,3578,3.579,7.92,High
23:39:34.959,652,3188,3.188,7.19,701,3426,3.427,9.11,High
23:39:35.959,687,3360,3.36,6.82,771,3772,3.773,8.24,High
23:39:36.959,701,3427,3.428,7.38,712,3480,3.48,8.76,High
23:39:37.959,700,3421,3.422,8.35,722,3530,3.531,7.72,High
23:39:38.959,663,3242,3.243,7.77,724,3539,3.54,7.8,High
23:39:39.959,696,3406,3.407,8.66,667,3262,3.263,7.25,High
23:39:40.959,672,3285,3.286,7.75,679,3321,3.321,9.22,High
23:39:41.959,683,3342,3.342,7.53,651,3184,3.185,6.82,High
23:39:42.959,680,3328,3.328,5.79,726,3551,3.552,7.86,High
23:39:43.959,741,3624,3.624,9.35,690,3372,3.373,7.9,High
23:39:44.959,695,3399,3.4,8.86,645,3154,3.154,6.39,High
23:39:45.959,662,3237,3.238,7.97,710,3474,3.475,8.96,High
23:39:46.959,650,3180,3.18,5.65,721,3528,3.529,7.25,High
23:39:47.959,633,3098,3.098,7.62,719,3518,3.519,7.89,High
23:39:48.959,665,3254,3.254,7.37,684,3344,3.344,6.79,High
23:39:49.959,660,3228,3.229,7.92,705,3448,3.448,8.15,High
23:39:50.959,654,3200,3.2,7.35,628,3073,3.073,8.16,High
23:39:51.959,704,3442,3.443,6.32,677,3312,3.312,8.3,High
23:39:52.959,700,3425,3.425,7.14,674,3296,3.296,6.23,High
23:39:53.959,677,3310,3.31,9.13,704,3441,3.442,7.98,High
23:39:54.959,681,3332,3.332,7.49,670,3278,3.278,8.74,High
23:39:55.959,679,3322,3.323,7.51,665,3253,3.254,9.17,High
23:39:56.959,688,3366,3.366,7.06,726,3550,3.55,7.55,High
23:39:57.959,659,3221,3.222,6.89,641,3134,3.134,8.42,High
23:39:58.959,637,3116,3.117,6.52,631,3088,3.089,7.92,High
23:39:59.959,672,3284,3.285,7.24,663,3243,3.244,6.94,High
23:40:00.959,684,3346,3.346,7.06,705,3447,3.447,7.2,High
23:40:01.959,678,3318,3.318,8.54,713,3487,3.488,7.63,High
23:40:02.959,680,3325,3.326,7.31,695,3401,3.401,7.71,High
23:40:03.959,671,3283,3.284,7.67,665,3250,3.251,7.09,High
23:40:04.959,646,3161,3.161,6.22,658,3217,3.217,8.14,High
23:40:05.959,656,3210,3.211,7.91,696,3405,3.405,6.23,High
23:40:06.959,688,3365,3.365,8.15,665,3250,3.251,8.38,High
23:40:07.959,657,3214,3.214,7.58,656,3210,3.21,6.39,High
23:40:08.959,667,3261,3.262,7.4,683,3340,3.34,6.93,High
23:40:09.959,666,3260,3.26,7.72,694,3393,3.393,8.16,High
23:40:10.959,661,3232,3.233,8.44,659,3223,3.224,8.44,High
23:40:11.959,699,3418,3.418,7.88,689,3369,3.37,7.52,High
23:40:12.959,696,3403,3.404,6.36,665,3254,3.254,7.64,High
23:40:13.959,700,3423,3.424,7.8,665,3254,3.255,7.72,High
23:40:14.959,662,3238,3.239,6.93,725,3546,3.547,6.77,High
23:40:15.959,708,3460,3.461,8.16,729,3563,3.564,7.58,High
23:40:16.959,672,3285,3.285,6.35,679,3321,3.321,8.44,High
23:40:17.959,701,3429,3.43,6.61,684,3345,3.345,7.86,High
23:40:18.959,646,3160,3.16,7.97,673,3291,3.291,7.82,High
23:40:19.959,665,3254,3.255,6.87,695,3398,3.399,7.81,High
23:40:20.959,667,3262,3.263,6.92,705,3447,3.448,9.49,High
23:40:21.959,678,3313,3.314,8.3,652,3191,3.191,8.14,High
23:40:22.959,652,3190,3.19,6.32,672,3289,3.289,9.07,High
23:40:23.959,694,3395,3.395,7.69,648,3170,3.17,7.82,High
23:40:24.959,681,3330,3.33,7.64,639,3123,3.123,7.2,High
23:40:25.959,673,3293,3.294,7.93,628,3070,3.071,7.85,High
23:40:26.959,678,3314,3.314,8.18,716,3503,3.504,8.52,High
23:40:27.959,658,3220,3.22,5.97,683,3341,3.341,8.9,High
23:40:28.959,703,3439,3.439,8.07,708,3464,3.464,8.34,High
23:40:29.959,663,3244,3.244,7.4,746,3650,3.65,7.15,High
23:40:30.959,708,3461,3.461,7.24,736,3598,3.599,6.73,High
23:40:31.959,687,3358,3.359,6.91,652,3187,3.188,8.2,High
23:40:32.959,695,3400,3.401,6.82,649,3175,3.175,7.92,High
23:40:33.959,673,3291,3.291,7.94,724,3542,3.542,7.95,High
23:40:34.959,713,3485,3.486,7.68,685,3348,3.348,6.55,High
23:40:35.959,669,3273,3.274,7.23,725,3544,3.544,8.42,High
23:40:36.959,651,3182,3.182,7.64,716,3500,3.501,9.38,High
23:40:37.959,693,3388,3.389,8.11,697,3409,3.409,8.35,High
23:40:38.959,700,3424,3.425,6.43,684,3347,3.348,7.3,High
23:40:39.959,682,3337,3.338,8.48,677,3310,3.31,5.85,High
23:40:40.959,666,3258,3.259,8.23,712,3480,3.481,8.39,High
23:40:41.959,669,3272,3.272,6.48,711,3477,3.477,7.25,High
23:40:42.959,719,3518,3.518,7.96,677,3312,3.313,7.45,High
23:40:43.959,673,3290,3.291,7.31,729,3567,3.568,8.17,High
23:40:44.959,660,3226,3.227,9.01,697,3407,3.407,8.69,High
23:40:45.959,662,3239,3.239,7.79,705,3446,3.447,6.3,High
23:40:46.959,716,3501,3.502,8.53,683,3340,3.34,7.01,High
23:40:47.959,682,3334,3.335,7.57,706,3453,3.453,8.17,High
23:40:48.959,685,3350,3.351,8.66,713,3485,3.485,7.06,High
23:40:49.959,703,3436,3.436,8.81,792,3872,3.873,6.99,High
23:40:50.959,680,3324,3.324,5.83,712,3482,3.483,7.51,High
23:40:51.959,714,3492,3.492,6.88,643,3146,3.147,7.58,High
23:40:52.959,634,3102,3.102,8.1,632,3090,3.09,8.03,High
23:40:53.959,632,3092,3.092,7.24,746,3646,3.647,8.32,High
