timestamp,v1,rs1,v2,rs2,compound
17:40:38.558,1.25,21.93,1.365,23.76,Baseline
17:40:39.558,1.108,21.94,1.099,22.75,Baseline
17:40:40.558,1.142,21.74,1.243,22.54,Baseline
17:40:41.558,0.956,22.3,1.275,22.92,Baseline
17:40:42.558,1.207,21.29,1.246,23.06,Baseline
17:40:43.558,1.147,22.96,1.097,23.56,Baseline
17:40:44.558,1.229,21.68,1.198,22.92,Baseline
17:40:45.558,1.282,21.39,1.321,22.02,Baseline
17:40:46.558,1.154,22.03,1.282,23.6,Baseline
17:40:47.558,1.217,22.16,1.375,22.08,Baseline
17:40:48.558,1.099,21.21,1.377,22.73,Baseline
17:40:49.558,1.21,22.21,1.205,22.48,Baseline
17:40:50.558,1.132,22.31,1.403,23.47,Baseline
17:40:51.558,1.27,22.09,1.366,23.12,Baseline
17:40:52.558,1.11,21.94,1.447,22.44,Baseline
17:40:53.558,1.281,22.68,1.293,23.5,Baseline
17:40:54.558,1.107,22.39,1.239,23.17,Baseline
17:40:55.558,1.058,22.52,1.39,23.01,Baseline
17:40:56.558,1.287,23.14,1.462,23.41,Baseline
17:40:57.558,1.292,22.16,1.247,23.26,Baseline
17:40:58.558,1.166,22.38,1.267,22.57,Baseline
17:40:59.558,1.174,21.82,1.427,22.85,Baseline
17:41:00.558,1.201,21.88,1.158,22.79,Baseline
17:41:01.558,1.109,21.59,1.252,22.72,Baseline
17:41:02.558,1.226,21.96,1.108,22.99,Baseline
17:41:03.558,1.194,22.17,1.292,22.88,Baseline
17:41:04.558,1.143,21.79,1.334,23.0,Baseline
17:41:05.558,1.124,22.08,1.168,22.67,Baseline
17:41:06.558,1.34,21.3,1.359,24.1,Baseline
17:41:07.558,1.151,22.46,1.471,23.44,Baseline
17:41:08.558,1.289,22.3,1.228,22.87,Baseline
17:41:09.558,1.243,20.77,1.348,23.46,Baseline
17:41:10.558,1.164,22.28,1.404,23.26,Baseline
17:41:11.558,1.206,22.25,1.285,23.09,Baseline
17:41:12.558,1.282,22.24,1.271,23.53,Baseline
17:41:13.558,1.132,22.12,1.329,22.64,Baseline
17:41:14.558,1.101,21.45,1.012,22.6,Baseline
17:41:15.558,1.273,21.52,1.225,22.43,Baseline
17:41:16.558,1.334,21.63,1.204,23.55,Baseline
17:41:17.558,1.175,21.62,1.211,22.59,Baseline
17:41:18.558,1.199,22.21,1.286,23.44,Baseline
17:41:19.558,1.473,22.05,1.159,22.98,Baseline
17:41:20.558,1.478,21.98,1.299,23.1,Baseline
17:41:21.558,1.178,22.36,1.347,22.96,Baseline
17:41:22.558,1.105,21.7,1.289,22.13,Baseline
17:41:23.558,1.271,22.05,1.363,23.88,Baseline
17:41:24.558,1.264,21.46,1.169,22.62,Baseline
17:41:25.558,1.288,21.78,1.342,22.64,Baseline
17:41:26.558,1.291,21.7,1.33,23.13,Baseline
17:41:27.558,1.082,22.25,1.283,22.66,Baseline
17:41:28.558,1.168,22.38,1.223,22.88,Baseline
17:41:29.558,1.196,21.73,1.121,23.18,Baseline
17:41:30.558,1.159,22.3,1.101,23.21,Baseline
17:41:31.558,1.128,22.34,1.227,23.11,Baseline
17:41:32.558,1.163,21.35,1.223,23.21,Baseline
17:41:33.558,1.202,22.22,1.405,22.69,Baseline
17:41:34.558,1.359,21.78,1.227,22.71,Baseline
17:41:35.558,1.25,22.43,1.18,22.83,Baseline
17:41:36.558,1.045,21.83,1.318,23.29,Baseline
17:41:37.558,1.238,22.83,1.167,23.92,Baseline
17:41:38.558,1.082,22.11,1.266,22.59,Baseline
17:41:39.558,1.172,21.7,1.245,23.55,Baseline
17:41:40.558,1.363,21.28,1.256,23.07,Baseline
17:41:41.558,1.206,23.17,1.34,23.45,Baseline
17:41:42.558,1.257,22.07,1.417,23.27,Baseline
17:41:43.558,1.359,21.38,1.513,22.02,Baseline
17:41:44.558,1.314,22.22,1.186,23.3,Baseline
17:41:45.558,1.151,22.1,1.388,22.77,Baseline
17:41:46.558,1.076,21.59,1.495,22.98,Baseline
17:41:47.558,1.29,22.15,1.381,23.31,Baseline
17:41:48.558,1.255,21.64,1.121,22.39,Baseline
17:41:49.558,1.255,21.9,1.278,23.55,Baseline
17:41:50.558,1.114,22.4,1.363,21.87,Baseline
17:41:51.558,1.148,22.47,1.276,23.43,Baseline
17:41:52.558,1.239,21.94,1.28,24.01,Baseline
17:41:53.558,1.312,23.07,1.266,23.12,Baseline
17:41:54.558,1.13,22.0,1.091,23.89,Baseline
17:41:55.558,1.261,22.68,1.257,23.1,Baseline
17:41:56.558,1.042,22.04,1.406,23.12,Baseline
17:41:57.558,1.128,21.89,1.331,23.74,Baseline
17:41:58.558,1.121,21.41,1.141,22.79,Baseline
17:41:59.558,1.232,21.59,1.352,23.77,Baseline
17:42:00.558,1.145,20.77,1.306,22.58,Baseline
17:42:01.558,1.207,22.49,1.347,23.03,Baseline
17:42:02.558,1.153,21.72,1.21,23.76,Baseline
17:42:03.558,1.186,21.7,1.269,22.63,Baseline
17:42:04.558,1.184,21.32,1.403,22.09,Baseline
17:42:05.558,1.234,22.94,1.395,22.71,Baseline
17:42:06.558,1.188,22.32,1.378,23.08,Baseline
17:42:07.558,1.318,21.77,1.129,23.68,Baseline
17:42:08.558,1.226,22.62,1.322,22.76,Baseline
17:42:09.558,1.352,22.16,1.269,22.2,Baseline
17:42:10.558,1.115,21.53,1.333,22.87,Baseline
17:42:11.558,1.2,21.79,1.428,22.95,Baseline
17:42:12.558,1.217,22.58,1.403,23.08,Baseline
17:42:13.558,1.144,23.27,1.44,22.81,Baseline
17:42:14.558,1.104,22.34,1.406,22.12,Baseline
17:42:15.558,1.113,22.06,1.336,23.86,Baseline
17:42:16.558,1.363,21.31,1.13,22.97,Baseline
17:42:17.558,1.199,22.2,1.412,22.28,Baseline
17:42:18.558,0.983,23.02,1.124,23.75,Baseline
17:42:19.558,1.09,22.24,1.375,22.85,Baseline
17:42:20.558,1.247,22.01,1.163,23.25,Baseline
17:42:21.558,1.147,21.6,1.289,22.48,Baseline
17:42:22.558,1.078,21.42,1.296,22.55,Baseline
17:42:23.558,1.189,21.89,1.361,23.38,Baseline
17:42:24.558,1.145,21.39,1.537,22.84,Baseline
17:42:25.558,1.364,21.88,1.358,23.16,Baseline
17:42:26.558,1.103,22.04,1.452,21.77,Baseline
17:42:27.558,1.229,21.76,1.326,22.35,Baseline
17:42:28.558,1.135,21.46,1.469,23.44,Baseline
17:42:29.558,1.17,23.09,1.456,23.28,Baseline
17:42:30.558,1.156,22.79,1.261,22.67,Baseline
17:42:31.558,1.223,22.42,1.299,22.18,Baseline
17:42:32.558,1.06,22.28,1.235,22.76,Baseline
17:42:33.558,1.217,22.45,1.299,23.23,Baseline
17:42:34.558,1.257,22.42,1.125,24.31,Baseline
17:42:35.558,1.134,22.29,1.224,22.1,Baseline
17:42:36.558,1.154,21.85,1.148,23.4,Baseline
17:42:37.558,1.276,22.01,1.388,22.16,Baseline
17:42:38.558,1.114,21.81,1.401,22.71,Baseline
17:42:39.558,1.193,21.49,1.429,23.23,Baseline
17:42:40.558,1.217,22.04,1.349,23.79,Baseline
17:42:41.558,1.258,22.25,1.376,23.32,Baseline
17:42:42.558,1.239,21.79,1.329,24.04,Baseline
17:42:43.558,1.282,21.15,1.25,23.95,Baseline
17:42:44.558,1.132,20.88,1.405,22.58,Baseline
17:42:45.558,1.014,22.5,1.369,21.83,Baseline
17:42:46.558,1.224,22.39,1.152,23.57,Baseline
17:42:47.558,1.371,21.98,1.383,23.5,Baseline
17:42:48.558,1.351,22.2,1.265,23.41,Baseline
17:42:49.558,0.976,22.34,1.526,22.53,Baseline
17:42:50.558,1.156,22.19,1.376,22.54,Baseline
17:42:51.558,1.203,21.93,1.471,23.26,Baseline
17:42:52.558,1.094,21.74,1.317,23.42,Baseline
17:42:53.558,1.032,21.7,1.376,23.11,Baseline
17:42:54.558,1.445,22.06,1.311,23.36,Baseline
17:42:55.558,1.32,22.34,1.237,22.91,Baseline
17:42:56.558,1.218,22.05,1.291,23.39,Baseline
17:42:57.558,1.137,21.75,1.342,22.81,Baseline
17:42:58.558,1.206,22.55,1.131,23.76,Baseline
17:42:59.558,1.307,21.71,1.385,21.84,Baseline
17:43:00.558,1.193,22.4,1.384,22.98,Baseline
17:43:01.558,1.174,21.25,1.275,22.86,Baseline
17:43:02.558,1.304,21.65,1.209,22.64,Baseline
17:43:03.558,1.098,22.26,1.22,22.92,Baseline
17:43:04.558,1.142,21.54,1.213,22.19,Baseline
17:43:05.558,1.22,21.93,1.243,22.73,Baseline
17:43:06.558,1.309,21.8,1.135,23.35,Baseline
17:43:07.558,1.339,20.67,1.092,22.38,Baseline
17:43:08.558,1.164,22.12,1.243,22.89,Baseline
17:43:09.558,1.059,21.61,1.189,23.88,Baseline
17:43:10.558,1.174,22.51,1.138,23.17,Baseline
17:43:11.558,1.457,22.07,1.381,22.06,Baseline
17:43:12.558,1.078,22.36,1.276,22.81,Baseline
17:43:13.558,1.325,22.21,1.272,22.47,Baseline
17:43:14.558,1.033,22.88,1.176,22.59,Baseline
17:43:15.558,1.167,21.95,1.252,23.51,Baseline
17:43:16.558,1.025,21.73,1.397,22.98,Baseline
17:43:17.558,1.194,21.33,1.47,23.04,Baseline
17:43:18.558,1.065,22.37,1.317,22.91,Baseline
17:43:19.558,1.31,22.58,1.312,23.66,Baseline
17:43:20.558,1.037,22.28,1.501,23.36,Baseline
17:43:21.558,1.144,22.16,1.258,22.68,Baseline
17:43:22.558,1.226,22.49,1.467,23.51,Baseline
17:43:23.558,1.319,22.13,1.44,22.75,Baseline
17:43:24.558,1.165,22.1,1.157,23.29,Baseline
17:43:25.558,1.177,22.6,1.323,23.22,Baseline
17:43:26.558,1.408,21.85,1.31,23.09,Baseline
17:43:27.558,1.23,21.14,1.328,22.86,Baseline
17:43:28.558,1.456,21.95,1.415,22.65,Baseline
17:43:29.558,1.218,21.83,1.498,22.98,Baseline
17:43:30.558,1.12,21.96,1.269,22.67,Baseline
17:43:31.558,1.193,22.31,1.318,22.33,Baseline
17:43:32.558,1.282,22.31,1.429,23.53,Baseline
17:43:33.558,1.335,22.51,1.314,22.81,Baseline
17:43:34.558,1.243,22.1,1.327,22.36,Baseline
17:43:35.558,1.245,21.89,1.413,22.96,Baseline
17:43:36.558,1.336,20.64,1.435,23.65,Baseline
17:43:37.558,1.157,21.85,1.322,22.76,Baseline
17:43:38.558,0.992,21.36,1.433,23.16,Baseline
17:43:39.558,1.135,22.52,1.387,23.14,Baseline
17:43:40.558,1.178,22.5,1.326,22.99,Baseline
17:43:41.558,1.271,22.02,1.422,22.66,Baseline
17:43:42.558,1.43,21.82,1.255,23.73,Baseline
17:43:43.558,1.374,22.08,1.299,22.93,Baseline
17:43:44.558,1.099,21.47,1.107,22.4,Baseline
17:43:45.558,1.135,22.4,1.327,23.03,Baseline
17:43:46.558,1.195,22.34,1.188,23.19,Baseline
17:43:47.558,1.185,21.67,1.252,23.3,Baseline
17:43:48.558,1.136,21.73,1.238,22.72,Baseline
17:43:49.558,1.247,22.25,1.175,23.29,Baseline
17:43:50.558,1.163,21.41,1.38,23.52,Baseline
17:43:51.558,1.145,22.32,1.32,22.24,Baseline
17:43:52.558,0.975,21.56,1.282,22.12,Baseline
17:43:53.558,1.254,22.54,1.215,23.05,Baseline
17:43:54.558,1.062,21.63,1.297,23.9,Baseline
17:43:55.558,1.291,22.02,1.487,23.41,Baseline
17:43:56.558,1.036,22.23,1.324,23.15,Baseline
17:43:57.558,1.136,21.76,1.254,22.52,Baseline
17:43:58.558,1.307,22.58,1.438,23.32,Baseline
17:43:59.558,1.304,21.95,1.323,22.92,Baseline
17:44:00.558,1.242,22.2,1.277,23.0,Baseline
17:44:01.558,1.219,22.02,1.164,23.37,Baseline
17:44:02.558,1.161,21.66,1.295,22.84,Baseline
17:44:03.558,1.081,21.8,1.377,23.34,Baseline
17:44:04.558,1.155,22.1,1.407,22.49,Baseline
17:44:05.558,1.177,22.92,1.241,23.96,Baseline
17:44:06.558,1.357,21.97,1.244,23.94,Baseline
17:44:07.558,1.268,21.98,1.43,23.05,Baseline
17:44:08.558,1.312,22.66,1.278,22.43,Baseline
17:44:09.558,1.015,21.72,1.416,22.54,Baseline
17:44:10.558,1.075,22.72,1.292,23.56,Baseline
17:44:11.558,1.158,21.76,1.463,21.76,Baseline
17:44:12.558,1.106,22.16,1.425,23.25,Baseline
17:44:13.558,1.057,22.3,1.151,23.16,Baseline
17:44:14.558,1.213,21.66,1.384,22.67,Baseline
17:44:15.558,1.396,21.81,1.333,22.96,Baseline
17:44:16.558,1.302,21.45,1.337,23.24,Baseline
17:44:17.558,1.294,22.42,1.268,23.02,Baseline
17:44:18.558,1.35,22.44,1.278,23.01,Baseline
17:44:19.558,1.112,22.02,1.273,22.96,Baseline
17:44:20.558,1.061,21.45,1.392,23.28,Baseline
17:44:21.558,1.34,22.46,1.306,22.68,Baseline
17:44:22.558,1.327,22.28,1.266,24.21,Baseline
17:44:23.558,1.416,22.59,1.29,23.75,Baseline
17:44:24.558,1.374,22.1,1.235,22.76,Baseline
17:44:25.558,1.044,22.53,1.467,22.9,Baseline
17:44:26.558,1.144,21.96,1.169,23.6,Baseline
17:44:27.558,1.204,22.06,1.361,22.49,Baseline
17:44:28.558,1.066,21.81,1.266,23.18,Baseline
17:44:29.558,1.313,21.86,1.438,23.38,Baseline
17:44:30.558,1.222,22.52,1.468,22.77,Baseline
17:44:31.558,1.332,22.22,1.211,22.32,Baseline
17:44:32.558,1.348,22.69,1.237,23.2,Baseline
17:44:33.558,1.366,21.23,1.161,23.72,Baseline
17:44:34.558,1.232,21.85,1.135,22.97,Baseline
17:44:35.558,1.361,21.18,1.481,23.44,Baseline
17:44:36.558,1.067,22.54,1.405,22.85,Baseline
17:44:37.558,1.311,21.65,1.144,22.86,Baseline
17:44:38.558,1.008,21.67,1.495,22.71,Baseline
17:44:39.558,1.044,21.79,1.45,23.43,Baseline
17:44:40.558,1.07,21.24,1.136,23.6,Baseline
17:44:41.558,1.271,22.49,1.409,22.92,Baseline
17:44:42.558,1.174,21.9,1.293,22.98,Baseline
17:44:43.558,1.187,21.48,1.281,23.22,Baseline
17:44:44.558,1.292,22.17,1.4,21.55,Baseline
17:44:45.558,1.243,20.96,1.227,23.25,Baseline
17:44:46.558,1.228,21.67,1.407,22.92,Baseline
17:44:47.558,1.281,21.39,1.295,23.1,Baseline
17:44:48.558,1.44,21.97,1.32,23.53,Baseline
17:44:49.558,1.22,21.87,1.318,23.38,Baseline
17:44:50.558,1.091,22.82,1.223,23.15,Baseline
17:44:51.558,1.194,22.16,1.332,23.21,Baseline
17:44:52.558,1.14,21.84,1.422,23.35,Baseline
17:44:53.558,1.305,22.28,1.372,23.32,Baseline
17:44:54.558,1.168,22.47,1.398,22.33,Baseline
17:44:55.558,1.334,22.79,1.098,23.54,Baseline
17:44:56.558,1.045,21.85,1.171,22.7,Baseline
17:44:57.558,1.364,22.5,1.231,24.13,Baseline
17:44:58.558,1.262,22.03,1.309,22.41,Baseline
17:44:59.558,0.958,21.73,1.462,23.16,Baseline
17:45:00.558,1.276,22.14,1.31,22.97,Baseline
17:45:01.558,1.19,21.3,1.253,22.79,Baseline
17:45:02.558,1.113,21.51,1.397,22.69,Baseline
17:45:03.558,1.117,22.08,1.228,23.78,Baseline
17:45:04.558,1.102,21.89,1.355,22.52,Baseline
17:45:05.558,1.146,22.26,1.395,22.67,Baseline
17:45:06.558,1.34,21.96,1.242,23.03,Baseline
17:45:07.558,1.225,23.13,1.433,23.21,Baseline
17:45:08.558,1.06,22.87,1.176,22.65,Baseline
17:45:09.558,1.307,21.54,1.344,23.45,Baseline
17:45:10.558,1.224,21.61,1.522,22.38,Baseline
17:45:11.558,1.25,21.82,1.547,22.05,Baseline
17:45:12.558,1.204,21.93,1.396,24.11,Baseline
17:45:13.558,1.273,21.32,1.367,22.23,Baseline
17:45:14.558,1.056,21.04,1.398,23.55,Baseline
17:45:15.558,1.257,22.81,1.262,22.9,Baseline
17:45:16.558,1.037,22.79,1.156,22.39,Baseline
17:45:17.558,1.324,21.89,1.248,23.1,Baseline
17:45:18.558,1.303,22.05,1.346,24.06,Baseline
17:45:19.558,1.064,21.91,1.286,22.74,Baseline
17:45:20.558,1.367,22.21,1.229,22.97,Baseline
17:45:21.558,1.331,22.35,1.267,22.41,Baseline
17:45:22.558,1.358,21.85,1.431,22.39,Baseline
17:45:23.558,1.091,21.84,1.421,23.07,Baseline
17:45:24.558,1.176,21.8,1.343,23.17,Baseline
17:45:25.558,1.076,22.01,1.232,22.41,Baseline
17:45:26.558,1.016,22.25,1.19,21.92,Baseline
17:45:27.558,1.237,22.7,1.101,23.61,Baseline
17:45:28.558,1.156,22.58,1.357,23.3,Baseline
17:45:29.558,1.145,22.49,1.371,23.06,Baseline
17:45:30.558,1.197,22.41,1.439,23.28,Baseline
17:45:31.558,1.229,21.94,1.351,23.5,Baseline
17:45:32.558,1.295,20.31,1.289,22.97,Baseline
17:45:33.558,1.193,22.24,1.306,22.01,Baseline
17:45:34.558,1.273,21.77,1.134,23.63,Baseline
17:45:35.558,1.131,21.97,1.244,22.79,Baseline
17:45:36.558,1.129,22.43,1.355,22.54,Baseline
17:45:37.558,1.216,22.0,1.344,23.6,Baseline
17:45:38.558,1.249,21.49,1.347,23.37,Baseline
17:45:39.558,1.371,21.47,1.338,21.91,Baseline
17:45:40.558,1.159,21.42,1.277,22.48,Baseline
17:45:41.558,1.375,22.4,1.346,22.4,Baseline
17:45:42.558,1.198,22.29,1.312,22.51,Baseline
17:45:43.558,1.026,22.0,1.261,23.28,Baseline
17:45:44.558,0.97,21.78,1.213,21.86,Baseline
17:45:45.558,1.229,21.63,1.28,22.81,Baseline
17:45:46.558,1.281,21.64,1.298,23.66,Baseline
17:45:47.558,1.228,22.4,1.236,23.08,Baseline
17:45:48.558,1.197,22.13,1.379,23.61,Baseline
17:45:49.558,1.065,21.51,1.42,22.67,Baseline
17:45:50.558,1.139,22.6,1.424,21.9,Baseline
17:45:51.558,1.187,21.64,1.303,22.58,Baseline
17:45:52.558,1.3,21.62,1.158,23.75,Baseline
17:45:53.558,1.179,21.94,1.297,23.29,Baseline
17:45:54.558,1.122,21.81,1.199,22.97,Baseline
17:45:55.558,1.353,22.25,1.354,23.54,Baseline
17:45:56.558,1.117,22.1,1.386,21.94,Baseline
17:45:57.558,1.178,21.86,1.331,23.41,Baseline
17:45:58.558,1.23,22.13,1.384,22.59,Baseline
17:45:59.558,1.071,22.12,1.285,22.82,Baseline
17:46:00.558,1.24,21.67,1.247,23.29,Baseline
17:46:01.558,1.249,22.36,1.53,23.54,Baseline
17:46:02.558,1.114,22.12,1.4,23.1,Baseline
17:46:03.558,1.221,21.4,1.36,23.38,Baseline
17:46:04.558,1.329,21.79,1.326,22.3,Baseline
17:46:05.558,1.243,22.59,1.201,23.74,Baseline
17:46:06.558,1.187,22.01,1.222,23.32,Baseline
17:46:07.558,1.277,22.56,1.363,23.24,Baseline
17:46:08.558,1.118,20.95,1.359,23.17,Baseline
17:46:09.558,1.058,21.12,1.147,23.63,Baseline
17:46:10.558,1.056,21.17,1.303,23.54,Baseline
17:46:11.558,1.213,21.66,1.486,23.94,Baseline
17:46:12.558,1.302,22.3,1.378,22.72,Baseline
17:46:13.558,1.101,22.19,1.407,23.42,Baseline
17:46:14.558,1.295,22.34,1.023,23.4,Baseline
17:46:15.558,1.128,21.07,1.292,22.94,Baseline
17:46:16.558,1.098,22.93,1.422,23.29,Baseline
17:46:17.558,1.315,21.85,1.42,22.03,Baseline
17:46:18.558,1.23,21.31,1.372,23.84,Baseline
17:46:19.558,1.214,21.12,1.332,22.93,Baseline
17:46:20.558,1.159,22.26,1.231,21.89,Baseline
17:46:21.558,1.269,21.95,1.391,23.71,Baseline
17:46:22.558,1.197,22.89,1.466,22.77,Baseline
17:46:23.558,1.173,21.5,1.295,23.41,Baseline
17:46:24.558,1.289,21.65,1.293,23.12,Baseline
17:46:25.558,1.152,22.36,1.317,22.92,Baseline
17:46:26.558,1.21,21.43,1.124,22.49,Baseline
17:46:27.558,1.279,21.55,1.194,23.07,Baseline
17:46:28.558,1.044,21.74,1.379,22.37,Baseline
17:46:29.558,1.067,23.21,1.308,23.17,Baseline
17:46:30.558,1.127,21.59,1.32,23.57,Baseline
17:46:31.558,1.301,20.86,1.324,23.71,Baseline
17:46:32.558,1.192,21.59,1.173,22.97,Baseline
17:46:33.558,1.088,22.33,1.463,22.87,Baseline
17:46:34.558,1.202,21.64,1.282,23.69,Baseline
17:46:35.558,1.199,22.73,1.384,22.82,Baseline
17:46:36.558,1.316,21.62,1.155,23.05,Baseline
17:46:37.558,1.171,21.22,1.388,22.96,Baseline
17:46:38.558,1.326,21.77,1.22,21.94,Baseline
17:46:39.558,1.331,21.72,1.117,23.1,Baseline
17:46:40.558,1.387,22.54,1.255,23.64,Baseline
17:46:41.558,1.205,22.48,1.502,22.08,Baseline
17:46:42.558,1.283,21.79,1.273,23.24,Baseline
17:46:43.558,1.454,22.09,1.291,22.84,Baseline
17:46:44.558,1.104,22.21,1.506,22.47,Baseline
17:46:45.558,1.219,22.12,1.352,23.0,Baseline
17:46:46.558,1.094,21.98,1.208,23.59,Baseline
17:46:47.558,1.181,22.49,1.419,24.29,Baseline
17:46:48.558,1.15,22.28,1.329,22.96,Baseline
17:46:49.558,1.217,22.66,1.199,23.57,Baseline
17:46:50.558,1.228,22.37,1.189,22.58,Baseline
17:46:51.558,1.207,22.52,1.254,22.85,Baseline
17:46:52.558,1.14,22.82,1.325,23.21,Baseline
17:46:53.558,1.276,22.63,1.148,23.62,Baseline
17:46:54.558,1.243,22.19,1.251,23.15,Baseline
17:46:55.558,1.247,21.5,1.278,22.7,Baseline
17:46:56.558,1.006,22.06,1.403,22.34,Baseline
17:46:57.558,1.18,22.15,1.328,23.37,Baseline
17:46:58.558,1.267,22.95,1.287,22.51,Baseline
17:46:59.558,1.143,21.34,1.276,22.49,Baseline
17:47:00.558,1.162,21.99,1.259,22.97,Baseline
17:47:01.558,1.271,21.78,1.351,22.87,Baseline
17:47:02.558,1.284,22.25,1.304,23.08,Baseline
17:47:03.558,1.289,21.74,1.366,22.81,Baseline
17:47:04.558,1.162,21.86,1.288,22.89,Baseline
17:47:05.558,1.198,21.85,1.38,22.19,Baseline
17:47:06.558,1.266,22.76,1.264,23.4,Baseline
17:47:07.558,1.19,21.92,1.307,23.58,Baseline
17:47:08.558,1.119,21.64,1.472,22.96,Baseline
17:47:09.558,1.088,21.95,1.201,22.77,Baseline
17:47:10.558,1.361,22.66,1.464,23.37,Baseline
17:47:11.558,1.119,22.19,1.373,22.66,Baseline
17:47:12.558,1.242,22.07,1.448,23.31,Baseline
17:47:13.558,1.138,21.23,1.311,22.77,Baseline
17:47:14.558,1.157,21.65,1.159,22.96,Baseline
17:47:15.558,1.071,20.68,1.396,24.18,Baseline
17:47:16.558,1.308,21.71,1.348,24.37,Baseline
17:47:17.558,1.142,22.43,1.313,23.67,Baseline
17:47:18.558,3.608,8.01,3.59,8.47,Alcohol
17:47:19.558,3.576,7.96,3.363,7.94,Alcohol
17:47:20.558,3.583,7.91,3.477,9.27,Alcohol
17:47:21.558,3.452,8.07,3.561,8.95,Alcohol
17:47:22.558,3.608,8.3,3.333,8.63,Alcohol
17:47:23.558,3.592,8.06,3.233,8.05,Alcohol
17:47:24.558,3.517,8.22,3.291,9.21,Alcohol
17:47:25.558,3.506,9.27,3.37,8.34,Alcohol
17:47:26.558,3.506,7.63,3.23,8.18,Alcohol
17:47:27.558,3.481,7.62,3.383,7.76,Alcohol
17:47:28.558,3.597,8.21,3.335,9.39,Alcohol
17:47:29.558,3.508,7.6,3.426,9.03,Alcohol
17:47:30.558,3.553,8.24,3.218,8.15,Alcohol
17:47:31.558,3.492,7.83,3.54,10.04,Alcohol
17:47:32.558,3.389,7.89,3.369,8.89,Alcohol
17:47:33.558,3.523,6.94,3.527,8.25,Alcohol
17:47:34.558,3.611,7.41,3.237,9.14,Alcohol
17:47:35.558,3.651,9.02,3.403,8.71,Alcohol
17:47:36.558,3.456,7.95,3.391,8.31,Alcohol
17:47:37.558,3.32,7.82,3.391,8.61,Alcohol
17:47:38.558,3.513,7.99,3.314,8.55,Alcohol
17:47:39.558,3.489,8.22,3.243,7.94,Alcohol
17:47:40.558,3.498,8.2,3.273,8.56,Alcohol
17:47:41.558,3.478,8.61,3.294,8.06,Alcohol
17:47:42.558,3.503,7.34,3.289,8.87,Alcohol
17:47:43.558,3.302,8.37,3.293,8.62,Alcohol
17:47:44.558,3.479,9.17,3.429,8.95,Alcohol
17:47:45.558,3.377,8.25,3.353,8.45,Alcohol
17:47:46.558,3.552,8.14,3.426,7.99,Alcohol
17:47:47.558,3.527,8.88,3.364,8.64,Alcohol
17:47:48.558,3.562,7.82,3.438,8.49,Alcohol
17:47:49.558,3.526,8.52,3.255,8.08,Alcohol
17:47:50.558,3.319,8.97,3.474,8.59,Alcohol
17:47:51.558,3.489,8.48,3.611,7.92,Alcohol
17:47:52.558,3.489,8.7,3.298,8.1,Alcohol
17:47:53.558,3.486,8.5,3.633,8.6,Alcohol
17:47:54.558,3.589,8.39,3.408,9.04,Alcohol
17:47:55.558,3.403,7.31,3.337,8.93,Alcohol
17:47:56.558,3.645,8.07,3.521,7.78,Alcohol
17:47:57.558,3.542,7.7,3.47,9.09,Alcohol
17:47:58.558,3.535,8.34,3.378,8.06,Alcohol
17:47:59.558,3.484,7.63,3.332,8.43,Alcohol
17:48:00.558,3.711,8.39,3.573,8.84,Alcohol
17:48:01.558,3.503,8.3,3.354,8.39,Alcohol
17:48:02.558,3.453,8.31,3.283,8.46,Alcohol
17:48:03.558,3.39,8.32,3.372,9.01,Alcohol
17:48:04.558,3.583,7.9,3.374,7.5,Alcohol
17:48:05.558,3.352,8.13,3.548,8.26,Alcohol
17:48:06.558,3.501,8.5,3.619,7.85,Alcohol
17:48:07.558,3.705,8.41,3.148,9.4,Alcohol
17:48:08.558,3.548,8.25,3.506,9.88,Alcohol
17:48:09.558,3.426,8.44,3.217,8.49,Alcohol
17:48:10.558,3.556,8.41,3.334,7.73,Alcohol
17:48:11.558,3.5,8.0,3.367,8.58,Alcohol
17:48:12.558,3.293,7.79,3.418,7.97,Alcohol
17:48:13.558,3.603,7.67,3.384,8.97,Alcohol
17:48:14.558,3.56,7.92,3.325,8.67,Alcohol
17:48:15.558,3.657,7.34,3.452,8.09,Alcohol
17:48:16.558,3.442,7.58,3.438,8.1,Alcohol
17:48:17.558,3.438,7.84,3.462,9.1,Alcohol
17:48:18.558,3.5,7.51,3.498,8.35,Alcohol
17:48:19.558,3.356,7.9,3.26,7.79,Alcohol
17:48:20.558,3.471,8.16,3.184,9.17,Alcohol
17:48:21.558,3.562,7.43,3.504,8.46,Alcohol
17:48:22.558,3.597,8.8,3.326,8.29,Alcohol
17:48:23.558,3.537,7.71,3.366,9.48,Alcohol
17:48:24.558,3.467,8.3,3.346,8.42,Alcohol
17:48:25.558,3.523,8.74,3.43,8.18,Alcohol
17:48:26.558,3.347,7.43,3.378,7.18,Alcohol
17:48:27.558,3.566,7.86,3.491,8.03,Alcohol
17:48:28.558,3.502,8.27,3.282,9.06,Alcohol
17:48:29.558,3.413,7.64,3.324,8.57,Alcohol
17:48:30.558,3.476,8.1,3.498,8.13,Alcohol
17:48:31.558,3.563,7.39,3.577,9.42,Alcohol
17:48:32.558,3.516,8.03,3.417,8.62,Alcohol
17:48:33.558,3.453,7.8,3.43,8.78,Alcohol
17:48:34.558,3.49,7.18,3.382,9.33,Alcohol
17:48:35.558,3.554,8.03,3.379,8.17,Alcohol
17:48:36.558,3.577,8.72,3.286,8.03,Alcohol
17:48:37.558,3.59,8.03,3.444,7.98,Alcohol
17:48:38.558,3.564,7.88,3.374,7.58,Alcohol
17:48:39.558,3.517,7.81,3.445,8.6,Alcohol
17:48:40.558,3.416,9.04,3.239,8.59,Alcohol
17:48:41.558,3.565,8.09,3.428,9.28,Alcohol
17:48:42.558,3.444,7.96,3.38,7.88,Alcohol
17:48:43.558,3.53,8.34,3.162,8.8,Alcohol
17:48:44.558,3.529,7.59,3.141,8.48,Alcohol
17:48:45.558,3.505,8.17,3.358,7.69,Alcohol
17:48:46.558,3.449,7.71,3.454,8.88,Alcohol
17:48:47.558,3.543,8.01,3.336,8.74,Alcohol
17:48:48.558,3.427,8.52,3.376,7.73,Alcohol
17:48:49.558,3.523,7.4,3.399,9.28,Alcohol
17:48:50.558,3.546,8.27,3.489,7.44,Alcohol
17:48:51.558,3.506,7.34,3.339,8.88,Alcohol
17:48:52.558,3.498,7.76,3.32,8.67,Alcohol
17:48:53.558,3.499,8.31,3.11,9.5,Alcohol
17:48:54.558,3.642,7.7,3.213,9.0,Alcohol
17:48:55.558,3.316,8.81,3.32,8.87,Alcohol
17:48:56.558,3.521,7.91,3.246,9.49,Alcohol
17:48:57.558,3.318,7.62,3.382,8.59,Alcohol
17:48:58.558,3.481,8.46,3.387,9.26,Alcohol
17:48:59.558,3.358,8.11,3.314,7.98,Alcohol
17:49:00.558,3.463,8.22,3.401,8.85,Alcohol
17:49:01.558,3.435,8.61,3.406,9.16,Alcohol
17:49:02.558,3.322,8.16,3.35,8.46,Alcohol
17:49:03.558,3.569,6.72,3.327,7.99,Alcohol
17:49:04.558,3.599,7.92,3.511,8.05,Alcohol
17:49:05.558,3.567,8.23,3.227,8.16,Alcohol
17:49:06.558,3.443,8.37,3.338,8.31,Alcohol
17:49:07.558,3.571,7.62,3.283,8.57,Alcohol
17:49:08.558,3.509,7.6,3.317,8.76,Alcohol
17:49:09.558,3.578,7.3,3.176,8.35,Alcohol
17:49:10.558,3.605,7.5,3.362,8.63,Alcohol
17:49:11.558,3.415,8.27,3.395,8.72,Alcohol
17:49:12.558,3.608,8.5,3.482,8.46,Alcohol
17:49:13.558,3.48,7.97,3.464,7.94,Alcohol
17:49:14.558,3.531,7.78,3.329,9.44,Alcohol
17:49:15.558,3.261,7.96,3.445,8.23,Alcohol
17:49:16.558,3.46,8.15,3.449,9.12,Alcohol
17:49:17.558,3.348,7.82,3.489,8.79,Alcohol
17:49:18.558,3.729,8.96,3.222,8.17,Alcohol
17:49:19.558,3.476,8.13,3.424,9.19,Alcohol
17:49:20.558,3.452,7.57,3.469,8.3,Alcohol
17:49:21.558,3.422,8.0,3.443,8.41,Alcohol
17:49:22.558,3.507,7.68,3.3,7.95,Alcohol
17:49:23.558,3.568,7.93,3.501,8.41,Alcohol
17:49:24.558,3.446,7.15,3.288,9.12,Alcohol
17:49:25.558,3.45,7.37,3.344,8.67,Alcohol
17:49:26.558,3.547,8.67,3.397,8.37,Alcohol
17:49:27.558,3.511,7.53,3.404,8.69,Alcohol
17:49:28.558,3.436,8.85,3.289,7.67,Alcohol
17:49:29.558,3.492,7.28,3.308,8.0,Alcohol
17:49:30.558,3.418,8.22,3.281,8.67,Alcohol
17:49:31.558,3.445,7.86,3.567,9.17,Alcohol
17:49:32.558,3.705,8.39,3.31,9.23,Alcohol
17:49:33.558,3.619,8.51,3.243,8.96,Alcohol
17:49:34.558,3.716,7.51,3.256,9.22,Alcohol
17:49:35.558,3.362,8.77,3.407,8.86,Alcohol
17:49:36.558,3.489,8.25,3.361,8.71,Alcohol
17:49:37.558,3.565,7.44,3.57,8.49,Alcohol
17:49:38.558,3.523,7.82,3.387,8.91,Alcohol
17:49:39.558,3.505,8.67,3.426,7.74,Alcohol
17:49:40.558,3.581,7.51,3.436,8.78,Alcohol
17:49:41.558,3.493,7.88,3.375,8.85,Alcohol
17:49:42.558,3.568,8.74,3.342,8.62,Alcohol
17:49:43.558,3.577,7.83,3.387,7.3,Alcohol
17:49:44.558,3.36,8.1,3.542,8.84,Alcohol
17:49:45.558,3.461,8.73,3.46,8.21,Alcohol
17:49:46.558,3.421,7.31,3.43,8.86,Alcohol
17:49:47.558,3.458,8.68,3.433,8.95,Alcohol
17:49:48.558,3.699,7.62,3.345,8.93,Alcohol
17:49:49.558,3.371,8.21,3.234,9.31,Alcohol
17:49:50.558,3.579,7.99,3.425,8.31,Alcohol
17:49:51.558,3.374,8.41,3.372,8.36,Alcohol
17:49:52.558,3.586,8.48,3.379,9.13,Alcohol
17:49:53.558,3.399,7.44,3.41,7.67,Alcohol
17:49:54.558,3.586,7.57,3.351,8.78,Alcohol
17:49:55.558,3.487,8.16,3.409,7.39,Alcohol
17:49:56.558,3.426,7.45,3.353,9.02,Alcohol
17:49:57.558,3.542,8.42,3.417,8.58,Alcohol
17:49:58.558,3.479,7.98,3.363,7.58,Alcohol
17:49:59.558,3.556,7.54,3.358,8.35,Alcohol
17:50:00.558,3.562,8.21,3.546,8.58,Alcohol
17:50:01.558,3.472,8.21,3.322,8.36,Alcohol
17:50:02.558,3.475,7.83,3.31,8.25,Alcohol
17:50:03.558,3.362,7.72,3.502,9.54,Alcohol
17:50:04.558,3.554,8.18,3.315,9.36,Alcohol
17:50:05.558,3.438,7.47,3.624,9.19,Alcohol
17:50:06.558,3.399,8.04,3.307,8.63,Alcohol
17:50:07.558,3.535,7.98,3.298,8.52,Alcohol
17:50:08.558,3.487,8.09,3.132,8.63,Alcohol
17:50:09.558,3.762,7.44,3.546,9.0,Alcohol
17:50:10.558,3.535,8.29,3.505,8.91,Alcohol
17:50:11.558,3.536,8.17,3.191,8.41,Alcohol
17:50:12.558,3.368,7.9,3.32,8.47,Alcohol
17:50:13.558,3.41,7.66,3.397,8.21,Alcohol
17:50:14.558,3.566,8.23,3.436,8.52,Alcohol
17:50:15.558,3.62,7.75,3.212,8.81,Alcohol
17:50:16.558,3.515,7.86,3.555,8.91,Alcohol
17:50:17.558,3.676,7.86,3.529,8.98,Alcohol
17:50:18.558,3.611,7.8,3.361,9.03,Alcohol
17:50:19.558,3.56,8.33,3.327,8.54,Alcohol
17:50:20.558,3.644,6.9,3.183,8.65,Alcohol
17:50:21.558,3.567,7.54,3.558,7.95,Alcohol
17:50:22.558,3.53,8.23,3.42,8.66,Alcohol
17:50:23.558,3.647,7.82,3.414,9.08,Alcohol
17:50:24.558,3.491,7.39,3.301,8.97,Alcohol
17:50:25.558,3.374,8.18,3.503,8.64,Alcohol
17:50:26.558,3.363,8.02,3.422,8.26,Alcohol
17:50:27.558,3.318,6.96,3.392,8.77,Alcohol
17:50:28.558,3.391,8.45,3.417,8.78,Alcohol
17:50:29.558,3.63,8.06,3.224,8.35,Alcohol
17:50:30.558,3.347,8.31,3.504,8.77,Alcohol
17:50:31.558,3.535,7.99,3.467,8.85,Alcohol
17:50:32.558,3.399,7.02,3.435,7.72,Alcohol
17:50:33.558,3.537,8.24,3.264,8.34,Alcohol
17:50:34.558,3.69,7.64,3.423,8.31,Alcohol
17:50:35.558,3.745,7.41,3.292,7.92,Alcohol
17:50:36.558,3.496,7.93,3.433,9.22,Alcohol
17:50:37.558,3.397,8.56,3.404,7.95,Alcohol
17:50:38.558,3.701,8.51,3.425,9.02,Alcohol
17:50:39.558,3.519,7.7,3.488,9.08,Alcohol
17:50:40.558,3.365,7.72,3.47,8.58,Alcohol
17:50:41.558,3.639,7.25,3.349,9.61,Alcohol
17:50:42.558,3.563,8.44,3.341,8.56,Alcohol
17:50:43.558,3.456,8.53,3.42,8.83,Alcohol
17:50:44.558,3.611,8.54,3.269,8.93,Alcohol
17:50:45.558,3.575,8.3,3.266,8.31,Alcohol
17:50:46.558,3.699,7.73,3.366,8.67,Alcohol
17:50:47.558,3.482,7.37,3.591,8.27,Alcohol
17:50:48.558,3.402,9.53,3.29,8.34,Alcohol
17:50:49.558,3.544,8.52,3.417,8.35,Alcohol
17:50:50.558,3.453,7.92,3.393,8.27,Alcohol
17:50:51.558,3.521,8.37,3.481,7.96,Alcohol
17:50:52.558,3.544,8.0,3.299,9.25,Alcohol
17:50:53.558,3.44,7.68,3.487,9.3,Alcohol
17:50:54.558,3.619,7.94,3.382,8.26,Alcohol
17:50:55.558,3.479,7.63,3.382,7.73,Alcohol
17:50:56.558,3.623,6.73,3.359,8.26,Alcohol
17:50:57.558,3.399,7.62,3.362,8.21,Alcohol
17:50:58.558,3.365,7.5,3.42,8.64,Alcohol
17:50:59.558,3.497,7.58,3.457,7.61,Alcohol
17:51:00.558,3.492,7.39,3.329,9.0,Alcohol
17:51:01.558,3.357,8.39,3.315,8.49,Alcohol
17:51:02.558,3.4,8.49,3.285,8.25,Alcohol
17:51:03.558,3.683,8.41,3.448,8.68,Alcohol
17:51:04.558,3.652,8.18,3.146,9.49,Alcohol
17:51:05.558,3.684,8.29,3.32,8.67,Alcohol
17:51:06.558,3.33,7.54,3.556,8.36,Alcohol
17:51:07.558,3.504,8.67,3.409,9.36,Alcohol
17:51:08.558,3.377,8.33,3.19,8.93,Alcohol
17:51:09.558,3.433,7.8,3.378,8.61,Alcohol
17:51:10.558,3.439,7.73,3.345,8.92,Alcohol
17:51:11.558,3.507,8.22,3.365,8.0,Alcohol
17:51:12.558,3.624,7.56,3.215,8.92,Alcohol
17:51:13.558,3.39,8.34,3.441,8.35,Alcohol
17:51:14.558,3.53,8.19,3.535,8.84,Alcohol
17:51:15.558,3.539,7.17,3.336,8.04,Alcohol
17:51:16.558,3.406,7.67,3.429,8.41,Alcohol
17:51:17.558,3.586,8.76,3.408,9.31,Alcohol
17:51:18.558,3.617,7.82,3.34,7.94,Alcohol
17:51:19.558,3.57,7.44,3.553,8.41,Alcohol
17:51:20.558,3.292,8.86,3.371,8.64,Alcohol
17:51:21.558,3.345,7.85,3.425,8.05,Alcohol
17:51:22.558,3.522,8.24,3.275,8.73,Alcohol
17:51:23.558,3.446,8.18,3.327,8.88,Alcohol
17:51:24.558,3.357,7.47,3.357,9.28,Alcohol
17:51:25.558,3.428,8.37,3.381,8.47,Alcohol
17:51:26.558,3.621,8.85,3.29,8.77,Alcohol
17:51:27.558,3.533,8.27,3.304,8.01,Alcohol
17:51:28.558,3.694,7.76,3.194,8.79,Alcohol
17:51:29.558,3.44,7.89,3.236,8.3,Alcohol
17:51:30.558,3.453,7.42,3.29,8.65,Alcohol
17:51:31.558,3.585,7.95,3.269,8.93,Alcohol
17:51:32.558,3.435,7.83,3.511,8.44,Alcohol
17:51:33.558,3.329,7.22,3.373,8.8,Alcohol
17:51:34.558,3.486,7.53,3.415,8.54,Alcohol
17:51:35.558,3.622,7.87,3.435,8.21,Alcohol
17:51:36.558,3.494,7.07,3.478,7.69,Alcohol
17:51:37.558,3.615,8.91,3.24,7.89,Alcohol
17:51:38.558,3.626,7.58,3.454,8.6,Alcohol
17:51:39.558,3.573,8.14,3.235,8.02,Alcohol
17:51:40.558,3.547,8.25,3.418,8.04,Alcohol
17:51:41.558,3.427,7.88,3.258,8.72,Alcohol
17:51:42.558,3.652,8.3,3.407,8.39,Alcohol
17:51:43.558,3.326,8.29,3.393,8.73,Alcohol
17:51:44.558,3.459,8.94,3.456,7.83,Alcohol
17:51:45.558,3.542,7.6,3.427,8.72,Alcohol
17:51:46.558,3.284,7.84,3.515,8.24,Alcohol
17:51:47.558,3.382,8.1,3.356,9.02,Alcohol
17:51:48.558,3.455,8.28,3.52,8.27,Alcohol
17:51:49.558,3.575,8.35,3.313,8.17,Alcohol
17:51:50.558,3.534,8.98,3.397,8.24,Alcohol
17:51:51.558,3.576,7.38,3.246,9.05,Alcohol
17:51:52.558,3.456,8.27,3.408,7.69,Alcohol
17:51:53.558,3.518,8.24,3.378,8.18,Alcohol
17:51:54.558,3.541,8.08,3.388,8.35,Alcohol
17:51:55.558,3.363,7.65,3.371,8.11,Alcohol
17:51:56.558,3.733,8.98,3.31,8.15,Alcohol
17:51:57.558,3.454,8.03,3.41,7.74,Alcohol
17:51:58.558,3.349,8.16,3.575,8.51,Alcohol
17:51:59.558,3.274,7.67,3.285,8.01,Alcohol
17:52:00.558,3.52,8.82,3.327,9.41,Alcohol
17:52:01.558,3.595,7.93,3.425,8.31,Alcohol
17:52:02.558,3.565,7.76,3.635,7.17,Alcohol
17:52:03.558,3.477,7.96,3.551,8.15,Alcohol
17:52:04.558,3.527,8.15,3.293,8.41,Alcohol
17:52:05.558,3.429,8.43,3.565,9.04,Alcohol
17:52:06.558,3.544,7.42,3.328,7.99,Alcohol
17:52:07.558,3.455,8.17,3.225,9.49,Alcohol
17:52:08.558,3.416,7.89,3.287,8.67,Alcohol
17:52:09.558,3.564,7.74,3.388,8.64,Alcohol
17:52:10.558,3.403,7.52,3.361,7.81,Alcohol
17:52:11.558,3.543,8.34,3.29,8.09,Alcohol
17:52:12.558,3.327,8.75,3.404,8.72,Alcohol
17:52:13.558,3.743,8.65,3.344,8.69,Alcohol
17:52:14.558,3.437,8.03,3.521,8.37,Alcohol
17:52:15.558,3.43,7.47,3.363,8.39,Alcohol
17:52:16.558,3.489,7.55,3.484,8.32,Alcohol
17:52:17.558,3.407,7.39,3.484,8.68,Alcohol
17:52:18.558,3.307,7.66,3.467,7.31,Alcohol
17:52:19.558,3.435,7.68,3.453,8.37,Alcohol
17:52:20.558,3.454,7.65,3.285,7.62,Alcohol
17:52:21.558,3.539,7.81,3.222,8.96,Alcohol
17:52:22.558,3.553,7.43,3.452,8.34,Alcohol
17:52:23.558,3.426,7.82,3.431,8.1,Alcohol
17:52:24.558,3.598,8.26,3.498,8.76,Alcohol
17:52:25.558,3.513,7.81,3.316,8.54,Alcohol
17:52:26.558,3.462,7.9,3.461,9.06,Alcohol
17:52:27.558,3.727,8.06,3.232,7.47,Alcohol
17:52:28.558,3.571,7.06,3.363,8.72,Alcohol
17:52:29.558,3.593,8.27,3.547,8.65,Alcohol
17:52:30.558,3.333,8.08,3.313,6.88,Alcohol
17:52:31.558,3.618,8.32,3.446,9.15,Alcohol
17:52:32.558,3.455,8.45,3.49,9.34,Alcohol
17:52:33.558,3.568,7.97,3.516,7.87,Alcohol
17:52:34.558,3.528,7.51,3.315,9.12,Alcohol
17:52:35.558,3.479,8.27,3.368,8.49,Alcohol
17:52:36.558,3.543,8.19,3.553,8.45,Alcohol
17:52:37.558,3.372,8.09,3.501,7.87,Alcohol
17:52:38.558,3.626,7.79,3.283,8.66,Alcohol
17:52:39.558,3.423,8.0,3.42,8.1,Alcohol
17:52:40.558,3.538,8.16,3.413,8.43,Alcohol
17:52:41.558,3.523,7.07,3.46,8.65,Alcohol
17:52:42.558,3.618,8.58,3.388,8.63,Alcohol
17:52:43.558,3.412,7.64,3.519,9.22,Alcohol
17:52:44.558,3.563,8.14,3.42,8.38,Alcohol
17:52:45.558,3.424,8.14,3.554,8.17,Alcohol
17:52:46.558,3.564,7.84,3.285,8.59,Alcohol
17:52:47.558,3.617,8.07,3.408,8.78,Alcohol
17:52:48.558,3.51,7.58,3.542,7.71,Alcohol
17:52:49.558,3.456,6.8,3.32,8.41,Alcohol
17:52:50.558,3.444,8.51,3.318,7.68,Alcohol
17:52:51.558,3.527,8.53,3.301,9.21,Alcohol
17:52:52.558,3.522,7.49,3.51,9.03,Alcohol
17:52:53.558,3.468,8.66,3.468,9.05,Alcohol
17:52:54.558,3.454,7.13,3.505,8.67,Alcohol
17:52:55.558,3.495,7.51,3.512,9.66,Alcohol
17:52:56.558,3.602,8.23,3.398,8.72,Alcohol
17:52:57.558,3.566,7.36,3.597,8.49,Alcohol
17:52:58.558,3.669,8.54,3.29,8.57,Alcohol
17:52:59.558,3.64,7.33,3.263,8.43,Alcohol
17:53:00.558,3.43,8.58,3.405,8.85,Alcohol
17:53:01.558,3.463,7.92,3.477,9.01,Alcohol
17:53:02.558,3.51,8.17,3.42,8.75,Alcohol
17:53:03.558,3.568,7.93,3.348,8.33,Alcohol
17:53:04.558,3.317,8.47,3.386,9.17,Alcohol
17:53:05.558,3.375,8.01,3.194,8.16,Alcohol
17:53:06.558,3.486,8.53,3.551,9.24,Alcohol
17:53:07.558,3.273,7.4,3.335,8.71,Alcohol
17:53:08.558,3.443,7.62,3.3,8.53,Alcohol
17:53:09.558,3.416,7.75,3.38,8.54,Alcohol
17:53:10.558,3.717,8.6,3.421,9.01,Alcohol
17:53:11.558,3.518,8.7,3.412,8.1,Alcohol
17:53:12.558,3.473,7.86,3.416,9.01,Alcohol
17:53:13.558,3.637,7.23,3.201,8.63,Alcohol
17:53:14.558,3.62,8.16,3.395,8.08,Alcohol
17:53:15.558,3.477,8.34,3.303,8.19,Alcohol
17:53:16.558,3.402,7.19,3.527,8.72,Alcohol
17:53:17.558,3.763,8.27,3.419,8.74,Alcohol
17:53:18.558,3.54,7.76,3.245,9.08,Alcohol
17:53:19.558,3.307,8.44,3.37,8.53,Alcohol
17:53:20.558,3.513,7.71,3.377,8.9,Alcohol
17:53:21.558,3.474,7.32,3.336,8.09,Alcohol
17:53:22.558,3.525,8.69,3.444,9.05,Alcohol
17:53:23.558,3.47,7.98,3.456,8.31,Alcohol
17:53:24.558,3.366,8.25,3.51,9.47,Alcohol
17:53:25.558,3.543,8.21,3.331,8.96,Alcohol
17:53:26.558,3.57,7.43,3.389,8.1,Alcohol
17:53:27.558,3.543,7.68,3.455,7.78,Alcohol
17:53:28.558,3.529,6.75,3.162,8.33,Alcohol
17:53:29.558,3.502,7.41,3.57,9.45,Alcohol
17:53:30.558,3.555,8.03,3.61,8.8,Alcohol
17:53:31.558,3.591,7.13,3.194,7.53,Alcohol
17:53:32.558,3.491,7.96,3.405,7.97,Alcohol
17:53:33.558,3.611,8.46,3.374,8.25,Alcohol
17:53:34.558,3.389,8.89,3.136,8.34,Alcohol
17:53:35.558,3.511,8.25,3.308,9.07,Alcohol
17:53:36.558,3.371,7.98,3.414,8.24,Alcohol
17:53:37.558,3.551,8.97,3.482,8.48,Alcohol
17:53:38.558,3.647,8.64,3.354,8.95,Alcohol
17:53:39.558,3.505,8.03,3.35,7.81,Alcohol
17:53:40.558,3.568,8.72,3.34,8.91,Alcohol
17:53:41.558,3.62,8.14,3.434,8.64,Alcohol
17:53:42.558,3.445,9.04,3.504,9.27,Alcohol
17:53:43.558,3.517,7.72,3.227,9.44,Alcohol
17:53:44.558,3.637,7.42,3.137,8.24,Alcohol
17:53:45.558,3.482,8.26,3.474,7.89,Alcohol
17:53:46.558,3.71,8.8,3.468,8.09,Alcohol
17:53:47.558,3.482,7.17,3.405,8.45,Alcohol
17:53:48.558,3.561,8.89,3.466,8.91,Alcohol
17:53:49.558,3.483,7.47,3.459,8.37,Alcohol
17:53:50.558,3.535,9.26,3.216,8.48,Alcohol
17:53:51.558,3.473,7.69,3.333,8.56,Alcohol
17:53:52.558,3.585,9.06,3.458,7.24,Alcohol
17:53:53.558,3.366,8.43,3.294,8.49,Alcohol
17:53:54.558,3.602,7.26,3.444,9.11,Alcohol
17:53:55.558,3.514,8.41,3.343,8.1,Alcohol
17:53:56.558,3.418,7.47,3.612,9.17,Alcohol
17:53:57.558,3.556,7.59,3.475,8.97,Alcohol
17:53:58.558,2.428,13.22,2.534,15.59,Ketone
17:53:59.558,2.397,13.55,2.466,14.04,Ketone
17:54:00.558,2.73,13.26,2.526,15.57,Ketone
17:54:01.558,2.46,13.84,2.259,15.54,Ketone
17:54:02.558,2.461,13.32,2.47,14.88,Ketone
17:54:03.558,2.422,14.54,2.265,14.79,Ketone
17:54:04.558,2.346,13.3,2.356,14.55,Ketone
17:54:05.558,2.538,13.59,2.453,15.81,Ketone
17:54:06.558,2.419,14.69,2.363,14.77,Ketone
17:54:07.558,2.417,14.38,2.246,14.68,Ketone
17:54:08.558,2.548,14.27,2.512,14.63,Ketone
17:54:09.558,2.349,13.42,2.398,14.64,Ketone
17:54:10.558,2.419,13.44,2.426,15.11,Ketone
17:54:11.558,2.43,14.44,2.357,15.44,Ketone
17:54:12.558,2.722,14.0,2.295,15.01,Ketone
17:54:13.558,2.537,14.16,2.519,14.37,Ketone
17:54:14.558,2.582,13.79,2.44,14.64,Ketone
17:54:15.558,2.523,13.67,2.547,15.67,Ketone
17:54:16.558,2.494,13.98,2.45,14.76,Ketone
17:54:17.558,2.366,14.11,2.409,15.9,Ketone
17:54:18.558,2.645,13.94,2.385,15.33,Ketone
17:54:19.558,2.622,14.53,2.487,14.84,Ketone
17:54:20.558,2.531,13.49,2.292,14.4,Ketone
17:54:21.558,2.507,14.09,2.261,15.4,Ketone
17:54:22.558,2.596,14.17,2.391,15.07,Ketone
17:54:23.558,2.356,13.34,2.428,13.93,Ketone
17:54:24.558,2.502,14.52,2.286,15.01,Ketone
17:54:25.558,2.439,12.79,2.508,14.93,Ketone
17:54:26.558,2.336,13.11,2.338,15.29,Ketone
17:54:27.558,2.543,14.44,2.358,14.66,Ketone
17:54:28.558,2.52,14.27,2.316,15.55,Ketone
17:54:29.558,2.611,13.03,2.513,14.97,Ketone
17:54:30.558,2.548,14.34,2.415,14.86,Ketone
17:54:31.558,2.576,13.5,2.294,14.6,Ketone
17:54:32.558,2.643,13.26,2.341,15.16,Ketone
17:54:33.558,2.489,13.77,2.343,15.55,Ketone
17:54:34.558,2.51,15.02,2.428,14.99,Ketone
17:54:35.558,2.525,13.19,2.429,14.72,Ketone
17:54:36.558,2.458,14.43,2.266,15.08,Ketone
17:54:37.558,2.41,13.0,2.426,15.85,Ketone
17:54:38.558,2.394,13.47,2.308,14.75,Ketone
17:54:39.558,2.523,14.22,2.304,14.4,Ketone
17:54:40.558,2.491,13.35,2.336,15.21,Ketone
17:54:41.558,2.657,14.03,2.336,14.55,Ketone
17:54:42.558,2.466,14.79,2.564,15.38,Ketone
17:54:43.558,2.503,13.02,2.465,15.41,Ketone
17:54:44.558,2.421,14.17,2.531,14.78,Ketone
17:54:45.558,2.45,13.95,2.387,15.21,Ketone
17:54:46.558,2.46,13.41,2.36,15.13,Ketone
17:54:47.558,2.457,15.17,2.557,14.94,Ketone
17:54:48.558,2.462,13.83,2.428,15.43,Ketone
17:54:49.558,2.689,14.34,2.419,15.34,Ketone
17:54:50.558,2.624,14.19,2.303,14.84,Ketone
17:54:51.558,2.507,14.11,2.472,15.05,Ketone
17:54:52.558,2.661,14.08,2.311,15.31,Ketone
17:54:53.558,2.448,14.25,2.53,14.45,Ketone
17:54:54.558,2.513,13.63,2.445,15.35,Ketone
17:54:55.558,2.44,13.31,2.346,14.87,Ketone
17:54:56.558,2.499,13.89,2.363,14.64,Ketone
17:54:57.558,2.517,13.52,2.565,15.31,Ketone
17:54:58.558,2.6,14.06,2.555,16.21,Ketone
17:54:59.558,2.407,14.53,2.271,15.21,Ketone
17:55:00.558,2.426,14.6,2.495,15.12,Ketone
17:55:01.558,2.499,13.01,2.441,14.84,Ketone
17:55:02.558,2.486,14.39,2.43,14.95,Ketone
17:55:03.558,2.457,14.23,2.411,15.41,Ketone
17:55:04.558,2.32,13.67,2.487,15.33,Ketone
17:55:05.558,2.619,13.72,2.416,15.29,Ketone
17:55:06.558,2.443,14.03,2.364,15.81,Ketone
17:55:07.558,2.667,13.53,2.561,14.84,Ketone
17:55:08.558,2.461,15.18,2.286,15.33,Ketone
17:55:09.558,2.435,13.53,2.388,15.83,Ketone
17:55:10.558,2.508,13.52,2.56,14.26,Ketone
17:55:11.558,2.595,13.97,2.586,15.11,Ketone
17:55:12.558,2.396,13.93,2.475,14.41,Ketone
17:55:13.558,2.382,14.09,2.467,15.76,Ketone
17:55:14.558,2.578,14.22,2.228,14.63,Ketone
17:55:15.558,2.443,14.1,2.501,14.73,Ketone
17:55:16.558,2.44,12.8,2.359,15.46,Ketone
17:55:17.558,2.637,13.45,2.479,14.73,Ketone
17:55:18.558,2.531,14.92,2.283,15.26,Ketone
17:55:19.558,2.667,14.06,2.451,15.42,Ketone
17:55:20.558,2.427,14.95,2.405,15.38,Ketone
17:55:21.558,2.463,13.65,2.648,15.63,Ketone
17:55:22.558,2.555,13.57,2.457,15.15,Ketone
17:55:23.558,2.536,14.1,2.451,15.72,Ketone
17:55:24.558,2.485,12.97,2.241,14.67,Ketone
17:55:25.558,2.359,14.05,2.348,15.25,Ketone
17:55:26.558,2.692,13.61,2.231,14.76,Ketone
17:55:27.558,2.475,14.43,2.501,14.52,Ketone
17:55:28.558,2.497,13.73,2.46,14.88,Ketone
17:55:29.558,2.514,13.75,2.382,14.77,Ketone
17:55:30.558,2.502,14.24,2.263,15.3,Ketone
17:55:31.558,2.424,13.94,2.328,14.7,Ketone
17:55:32.558,2.458,14.56,2.397,15.19,Ketone
17:55:33.558,2.492,13.71,2.352,15.35,Ketone
17:55:34.558,2.658,13.28,2.361,15.45,Ketone
17:55:35.558,2.376,13.44,2.372,14.59,Ketone
17:55:36.558,2.519,14.53,2.217,15.07,Ketone
17:55:37.558,2.586,13.29,2.285,13.58,Ketone
17:55:38.558,2.425,13.73,2.383,14.57,Ketone
17:55:39.558,2.518,13.37,2.294,14.65,Ketone
17:55:40.558,2.57,15.41,2.39,15.2,Ketone
17:55:41.558,2.459,14.47,2.354,15.21,Ketone
17:55:42.558,2.575,14.14,2.305,15.16,Ketone
17:55:43.558,2.492,14.61,2.303,15.84,Ketone
17:55:44.558,2.409,13.71,2.384,15.81,Ketone
17:55:45.558,2.531,14.07,2.399,15.06,Ketone
17:55:46.558,2.54,14.22,2.249,14.55,Ketone
17:55:47.558,2.508,13.57,2.379,15.38,Ketone
17:55:48.558,2.477,13.34,2.537,14.97,Ketone
17:55:49.558,2.489,14.11,2.523,14.48,Ketone
17:55:50.558,2.414,13.19,2.326,14.68,Ketone
17:55:51.558,2.399,13.15,2.465,14.34,Ketone
17:55:52.558,2.48,14.12,2.515,14.61,Ketone
17:55:53.558,2.389,13.98,2.319,14.5,Ketone
17:55:54.558,2.485,13.84,2.273,14.95,Ketone
17:55:55.558,2.439,13.93,2.496,15.1,Ketone
17:55:56.558,2.564,13.19,2.412,14.97,Ketone
17:55:57.558,2.489,13.81,2.394,15.17,Ketone
17:55:58.558,2.489,14.57,2.456,13.92,Ketone
17:55:59.558,2.569,13.96,2.378,14.07,Ketone
17:56:00.558,2.449,14.12,2.394,15.56,Ketone
17:56:01.558,2.563,14.19,2.345,14.78,Ketone
17:56:02.558,2.314,14.06,2.515,14.95,Ketone
17:56:03.558,2.385,14.2,2.583,15.06,Ketone
17:56:04.558,2.346,13.92,2.352,14.52,Ketone
17:56:05.558,2.302,13.75,2.393,14.68,Ketone
17:56:06.558,2.403,14.49,2.39,14.45,Ketone
17:56:07.558,2.493,14.36,2.452,14.13,Ketone
17:56:08.558,2.54,14.13,2.528,13.79,Ketone
17:56:09.558,2.506,13.17,2.406,15.04,Ketone
17:56:10.558,2.597,14.06,2.38,14.15,Ketone
17:56:11.558,2.401,13.52,2.411,14.69,Ketone
17:56:12.558,2.479,13.41,2.23,15.04,Ketone
17:56:13.558,2.682,13.88,2.254,14.68,Ketone
17:56:14.558,2.552,14.62,2.418,15.22,Ketone
17:56:15.558,2.468,14.01,2.366,14.18,Ketone
17:56:16.558,2.421,14.34,2.445,14.85,Ketone
17:56:17.558,2.499,14.59,2.263,15.26,Ketone
17:56:18.558,2.469,13.7,2.427,14.68,Ketone
17:56:19.558,2.531,14.17,2.394,14.91,Ketone
17:56:20.558,2.316,14.45,2.341,15.35,Ketone
17:56:21.558,2.418,14.39,2.37,14.83,Ketone
17:56:22.558,2.21,14.3,2.407,15.24,Ketone
17:56:23.558,2.586,14.18,2.369,14.21,Ketone
17:56:24.558,2.424,13.88,2.174,14.55,Ketone
17:56:25.558,2.425,13.38,2.211,14.7,Ketone
17:56:26.558,2.443,13.82,2.364,14.88,Ketone
17:56:27.558,2.541,13.7,2.409,15.8,Ketone
17:56:28.558,2.709,13.24,2.516,15.49,Ketone
17:56:29.558,2.5,13.88,2.561,14.55,Ketone
17:56:30.558,2.486,14.6,2.356,14.83,Ketone
17:56:31.558,2.348,13.96,2.454,14.82,Ketone
17:56:32.558,2.402,13.6,2.358,14.32,Ketone
17:56:33.558,2.441,13.38,2.429,14.97,Ketone
17:56:34.558,2.357,12.95,2.508,14.51,Ketone
17:56:35.558,2.504,13.13,2.449,15.19,Ketone
17:56:36.558,2.444,13.67,2.33,15.35,Ketone
17:56:37.558,2.605,14.38,2.494,14.71,Ketone
17:56:38.558,2.67,13.8,2.468,14.42,Ketone
17:56:39.558,2.26,14.9,2.269,14.02,Ketone
17:56:40.558,2.48,13.12,2.486,14.1,Ketone
17:56:41.558,2.518,13.36,2.355,15.87,Ketone
17:56:42.558,2.495,13.21,2.306,14.72,Ketone
17:56:43.558,2.455,14.08,2.594,14.03,Ketone
17:56:44.558,2.44,14.16,2.465,15.29,Ketone
17:56:45.558,2.531,13.59,2.428,15.6,Ketone
17:56:46.558,2.581,13.69,2.472,14.73,Ketone
17:56:47.558,2.488,13.6,2.44,14.1,Ketone
17:56:48.558,2.472,13.9,2.365,16.32,Ketone
17:56:49.558,2.263,15.02,2.43,14.61,Ketone
17:56:50.558,2.538,13.71,2.262,15.54,Ketone
17:56:51.558,2.471,13.27,2.517,14.79,Ketone
17:56:52.558,2.551,14.41,2.432,14.73,Ketone
17:56:53.558,2.478,14.12,2.263,13.79,Ketone
17:56:54.558,2.666,14.55,2.354,14.3,Ketone
17:56:55.558,2.549,14.54,2.312,15.17,Ketone
17:56:56.558,2.584,13.62,2.452,15.75,Ketone
17:56:57.558,2.608,13.77,2.363,15.92,Ketone
17:56:58.558,2.488,14.57,2.331,14.24,Ketone
17:56:59.558,2.465,12.89,2.537,14.46,Ketone
17:57:00.558,2.401,14.46,2.324,14.81,Ketone
17:57:01.558,2.543,13.64,2.51,14.99,Ketone
17:57:02.558,2.445,14.35,2.517,14.86,Ketone
17:57:03.558,2.427,12.99,2.28,15.62,Ketone
17:57:04.558,2.479,14.59,2.46,13.99,Ketone
17:57:05.558,2.611,14.4,2.464,15.2,Ketone
17:57:06.558,2.615,14.15,2.527,15.14,Ketone
17:57:07.558,2.494,14.25,2.471,14.75,Ketone
17:57:08.558,2.584,14.58,2.342,14.42,Ketone
17:57:09.558,2.39,14.55,2.463,15.68,Ketone
17:57:10.558,2.385,14.23,2.587,15.62,Ketone
17:57:11.558,2.521,13.72,2.457,15.51,Ketone
17:57:12.558,2.454,14.38,2.261,15.53,Ketone
17:57:13.558,2.563,13.68,2.33,15.34,Ketone
17:57:14.558,2.586,13.99,2.354,14.81,Ketone
17:57:15.558,2.566,13.62,2.445,14.86,Ketone
17:57:16.558,2.586,14.84,2.319,15.54,Ketone
17:57:17.558,2.484,14.63,2.455,14.82,Ketone
17:57:18.558,2.529,13.63,2.395,15.24,Ketone
17:57:19.558,2.509,13.31,2.323,14.97,Ketone
17:57:20.558,2.482,13.54,2.358,15.17,Ketone
17:57:21.558,2.669,13.83,2.416,15.61,Ketone
17:57:22.558,2.635,13.37,2.597,15.21,Ketone
17:57:23.558,2.542,12.61,2.377,14.46,Ketone
17:57:24.558,2.55,13.56,2.474,14.68,Ketone
17:57:25.558,2.513,14.04,2.552,14.32,Ketone
17:57:26.558,2.411,14.08,2.469,14.96,Ketone
17:57:27.558,2.537,14.29,2.39,14.97,Ketone
17:57:28.558,2.455,13.5,2.503,14.67,Ketone
17:57:29.558,2.645,13.29,2.428,14.85,Ketone
17:57:30.558,2.393,14.86,2.31,15.11,Ketone
17:57:31.558,2.582,14.08,2.573,14.58,Ketone
17:57:32.558,2.501,14.43,2.361,15.16,Ketone
17:57:33.558,2.449,13.91,2.416,15.86,Ketone
17:57:34.558,2.581,13.71,2.325,14.89,Ketone
17:57:35.558,2.354,13.09,2.586,15.06,Ketone
17:57:36.558,2.626,14.44,2.332,15.38,Ketone
17:57:37.558,2.481,14.6,2.502,15.46,Ketone
17:57:38.558,2.63,13.64,2.291,15.0,Ketone
17:57:39.558,2.514,14.01,2.535,14.95,Ketone
17:57:40.558,2.386,13.2,2.302,15.42,Ketone
17:57:41.558,2.391,13.87,2.365,15.24,Ketone
17:57:42.558,2.397,13.76,2.49,15.14,Ketone
17:57:43.558,2.473,14.52,2.344,15.21,Ketone
17:57:44.558,2.506,13.85,2.515,13.58,Ketone
17:57:45.558,2.583,14.42,2.284,14.79,Ketone
17:57:46.558,2.564,13.34,2.369,15.6,Ketone
17:57:47.558,2.435,14.03,2.371,15.07,Ketone
17:57:48.558,2.298,12.58,2.481,15.06,Ketone
17:57:49.558,2.658,14.34,2.328,15.1,Ketone
17:57:50.558,2.528,13.91,2.437,14.93,Ketone
17:57:51.558,2.518,14.29,2.39,15.47,Ketone
17:57:52.558,2.525,13.6,2.548,14.86,Ketone
17:57:53.558,2.468,13.42,2.42,15.2,Ketone
17:57:54.558,2.471,13.53,2.533,14.28,Ketone
17:57:55.558,2.548,13.47,2.482,14.52,Ketone
17:57:56.558,2.412,13.9,2.355,15.0,Ketone
17:57:57.558,2.518,13.25,2.44,15.51,Ketone
17:57:58.558,2.356,13.76,2.392,15.12,Ketone
17:57:59.558,2.473,14.53,2.431,14.56,Ketone
17:58:00.558,2.629,13.69,2.36,15.62,Ketone
17:58:01.558,2.506,13.43,2.521,15.55,Ketone
17:58:02.558,2.549,14.27,2.457,14.72,Ketone
17:58:03.558,2.527,13.36,2.438,14.95,Ketone
17:58:04.558,2.572,14.06,2.501,15.26,Ketone
17:58:05.558,2.586,14.29,2.319,15.18,Ketone
17:58:06.558,2.491,14.79,2.441,14.52,Ketone
17:58:07.558,2.464,14.22,2.325,15.1,Ketone
17:58:08.558,2.421,14.02,2.263,15.35,Ketone
17:58:09.558,2.529,13.55,2.463,15.2,Ketone
17:58:10.558,2.602,14.27,2.312,14.48,Ketone
17:58:11.558,2.487,14.04,2.307,14.94,Ketone
17:58:12.558,2.544,14.06,2.429,15.3,Ketone
17:58:13.558,2.408,13.42,2.471,15.31,Ketone
17:58:14.558,2.526,14.51,2.38,14.49,Ketone
17:58:15.558,2.46,14.13,2.536,15.01,Ketone
17:58:16.558,2.279,13.8,2.445,13.91,Ketone
17:58:17.558,2.498,14.6,2.29,13.41,Ketone
17:58:18.558,2.466,14.58,2.39,13.95,Ketone
17:58:19.558,2.563,15.2,2.438,15.02,Ketone
17:58:20.558,2.489,14.13,2.385,14.37,Ketone
17:58:21.558,2.566,13.49,2.363,15.34,Ketone
17:58:22.558,2.604,13.39,2.28,14.54,Ketone
17:58:23.558,2.474,13.2,2.326,15.33,Ketone
17:58:24.558,2.383,14.37,2.216,14.95,Ketone
17:58:25.558,2.361,14.15,2.364,15.21,Ketone
17:58:26.558,2.546,13.77,2.269,14.85,Ketone
17:58:27.558,2.484,13.91,2.315,14.99,Ketone
17:58:28.558,2.568,13.9,2.229,15.17,Ketone
17:58:29.558,2.195,13.79,2.257,15.07,Ketone
17:58:30.558,2.559,14.31,2.209,15.05,Ketone
17:58:31.558,2.675,14.46,2.428,14.89,Ketone
17:58:32.558,2.48,13.56,2.419,15.29,Ketone
17:58:33.558,2.295,15.18,2.432,14.76,Ketone
17:58:34.558,2.492,13.81,2.303,15.26,Ketone
17:58:35.558,2.432,14.21,2.372,15.13,Ketone
17:58:36.558,2.555,14.16,2.392,14.65,Ketone
17:58:37.558,2.447,14.08,2.404,15.63,Ketone
17:58:38.558,2.518,14.49,2.522,14.54,Ketone
17:58:39.558,2.468,13.88,2.458,15.31,Ketone
17:58:40.558,2.478,13.81,2.405,15.49,Ketone
17:58:41.558,2.301,13.91,2.466,15.52,Ketone
17:58:42.558,2.475,13.52,2.521,14.67,Ketone
17:58:43.558,2.515,13.13,2.371,15.02,Ketone
17:58:44.558,2.564,14.46,2.35,14.42,Ketone
17:58:45.558,2.448,14.66,2.483,15.08,Ketone
17:58:46.558,2.258,14.01,2.299,14.08,Ketone
17:58:47.558,2.388,14.33,2.472,14.56,Ketone
17:58:48.558,2.559,14.71,2.445,14.75,Ketone
17:58:49.558,2.512,13.57,2.368,15.3,Ketone
17:58:50.558,2.495,13.88,2.615,15.45,Ketone
17:58:51.558,2.454,14.27,2.4,15.61,Ketone
17:58:52.558,2.461,14.44,2.52,15.62,Ketone
17:58:53.558,2.721,14.6,2.274,15.39,Ketone
17:58:54.558,2.607,14.16,2.539,15.09,Ketone
17:58:55.558,2.484,13.7,2.288,14.91,Ketone
17:58:56.558,2.548,13.97,2.287,14.92,Ketone
17:58:57.558,2.601,13.39,2.308,15.72,Ketone
17:58:58.558,2.471,14.73,2.553,14.96,Ketone
17:58:59.558,2.517,15.42,2.509,15.16,Ketone
17:59:00.558,2.704,14.15,2.307,14.52,Ketone
17:59:01.558,2.527,13.33,2.344,14.88,Ketone
17:59:02.558,2.519,15.2,2.19,15.34,Ketone
17:59:03.558,2.692,13.67,2.514,14.42,Ketone
17:59:04.558,2.531,14.89,2.237,15.03,Ketone
17:59:05.558,2.458,13.77,2.22,14.83,Ketone
17:59:06.558,2.634,14.65,2.369,15.61,Ketone
17:59:07.558,2.476,14.51,2.293,15.46,Ketone
17:59:08.558,2.501,13.88,2.408,14.74,Ketone
17:59:09.558,2.306,13.02,2.299,14.67,Ketone
17:59:10.558,2.341,13.89,2.153,14.16,Ketone
17:59:11.558,2.552,14.59,2.328,15.0,Ketone
17:59:12.558,2.376,14.63,2.473,15.27,Ketone
17:59:13.558,2.523,14.45,2.353,15.01,Ketone
17:59:14.558,2.531,14.26,2.426,15.0,Ketone
17:59:15.558,2.55,13.15,2.383,14.59,Ketone
17:59:16.558,2.403,14.18,2.596,14.09,Ketone
17:59:17.558,2.434,13.05,2.443,15.42,Ketone
17:59:18.558,2.538,14.67,2.411,15.15,Ketone
17:59:19.558,2.378,13.44,2.471,15.01,Ketone
17:59:20.558,2.439,13.7,2.374,14.89,Ketone
17:59:21.558,2.31,13.38,2.414,15.11,Ketone
17:59:22.558,2.498,14.14,2.282,14.89,Ketone
17:59:23.558,2.423,14.44,2.559,15.33,Ketone
17:59:24.558,2.504,14.52,2.433,15.74,Ketone
17:59:25.558,2.548,13.94,2.438,15.34,Ketone
17:59:26.558,2.509,13.79,2.449,15.02,Ketone
17:59:27.558,2.329,13.72,2.345,15.06,Ketone
17:59:28.558,2.318,13.65,2.261,15.85,Ketone
17:59:29.558,2.57,14.18,2.398,15.33,Ketone
17:59:30.558,2.46,14.49,2.311,15.36,Ketone
17:59:31.558,2.525,14.04,2.44,15.1,Ketone
17:59:32.558,2.573,15.11,2.484,15.46,Ketone
17:59:33.558,2.734,13.83,2.465,14.99,Ketone
17:59:34.558,2.469,14.16,2.372,14.93,Ketone
17:59:35.558,2.362,13.78,2.374,14.97,Ketone
17:59:36.558,2.555,14.01,2.419,15.02,Ketone
17:59:37.558,2.559,14.33,2.366,15.07,Ketone
17:59:38.558,2.635,14.36,2.419,14.27,Ketone
17:59:39.558,2.431,13.67,2.343,15.27,Ketone
17:59:40.558,2.525,14.22,2.366,15.09,Ketone
17:59:41.558,2.519,14.6,2.48,14.41,Ketone
17:59:42.558,2.514,13.86,2.432,15.04,Ketone
17:59:43.558,2.413,13.99,2.414,16.46,Ketone
17:59:44.558,2.586,14.42,2.382,14.0,Ketone
17:59:45.558,2.412,14.7,2.301,14.72,Ketone
17:59:46.558,2.459,13.5,2.455,15.9,Ketone
17:59:47.558,2.533,14.81,2.274,14.91,Ketone
17:59:48.558,2.922,10.78,2.78,12.18,Aldehyde
17:59:49.558,2.999,11.09,2.825,11.69,Aldehyde
17:59:50.558,3.026,10.54,2.701,11.58,Aldehyde
17:59:51.558,2.715,10.79,2.903,11.83,Aldehyde
17:59:52.558,2.979,10.89,2.788,12.45,Aldehyde
17:59:53.558,2.729,11.61,2.811,12.69,Aldehyde
17:59:54.558,2.911,10.46,2.782,12.2,Aldehyde
17:59:55.558,2.92,10.61,2.816,11.79,Aldehyde
17:59:56.558,2.816,11.32,2.803,10.84,Aldehyde
17:59:57.558,2.924,10.04,2.918,12.32,Aldehyde
17:59:58.558,2.857,11.21,2.86,12.48,Aldehyde
17:59:59.558,2.859,11.8,2.82,12.66,Aldehyde
18:00:00.558,3.121,11.2,2.868,11.87,Aldehyde
18:00:01.558,2.843,10.25,2.69,12.36,Aldehyde
18:00:02.558,2.997,10.99,2.74,11.22,Aldehyde
18:00:03.558,2.816,11.3,2.783,12.47,Aldehyde
18:00:04.558,2.86,11.41,2.745,11.66,Aldehyde
18:00:05.558,2.818,10.43,2.759,11.63,Aldehyde
18:00:06.558,3.013,10.74,2.927,11.76,Aldehyde
18:00:07.558,2.823,11.58,2.734,12.23,Aldehyde
18:00:08.558,2.988,10.34,2.826,12.61,Aldehyde
18:00:09.558,3.007,11.03,2.835,12.26,Aldehyde
18:00:10.558,3.011,10.45,2.861,10.96,Aldehyde
18:00:11.558,2.836,11.33,2.903,12.3,Aldehyde
18:00:12.558,3.08,10.93,2.925,11.2,Aldehyde
18:00:13.558,2.96,10.14,2.731,12.7,Aldehyde
18:00:14.558,3.009,10.85,2.735,12.42,Aldehyde
18:00:15.558,2.831,10.42,2.51,11.96,Aldehyde
18:00:16.558,2.928,11.13,2.718,11.92,Aldehyde
18:00:17.558,2.88,10.19,2.893,12.11,Aldehyde
18:00:18.558,2.908,10.76,2.913,12.08,Aldehyde
18:00:19.558,2.786,10.86,2.925,12.49,Aldehyde
18:00:20.558,2.885,11.49,2.841,11.72,Aldehyde
18:00:21.558,2.998,11.19,2.855,12.17,Aldehyde
18:00:22.558,2.739,10.65,2.618,12.27,Aldehyde
18:00:23.558,2.858,10.79,2.793,12.43,Aldehyde
18:00:24.558,2.823,10.75,2.749,11.6,Aldehyde
18:00:25.558,3.122,11.82,3.04,12.22,Aldehyde
18:00:26.558,2.826,10.83,2.834,12.46,Aldehyde
18:00:27.558,3.0,10.55,2.826,11.99,Aldehyde
18:00:28.558,2.878,10.46,3.016,12.57,Aldehyde
18:00:29.558,2.961,11.19,2.817,12.58,Aldehyde
18:00:30.558,2.819,10.82,2.832,11.67,Aldehyde
18:00:31.558,2.837,10.85,2.731,12.02,Aldehyde
18:00:32.558,2.756,11.68,2.946,12.09,Aldehyde
18:00:33.558,2.851,11.79,2.676,11.44,Aldehyde
18:00:34.558,3.005,11.28,2.732,12.01,Aldehyde
18:00:35.558,2.884,11.93,2.845,12.01,Aldehyde
18:00:36.558,2.817,11.39,2.803,11.64,Aldehyde
18:00:37.558,2.809,11.84,2.884,12.01,Aldehyde
18:00:38.558,2.772,10.2,2.831,11.64,Aldehyde
18:00:39.558,2.864,10.35,3.018,11.44,Aldehyde
18:00:40.558,2.879,11.56,2.955,11.54,Aldehyde
18:00:41.558,2.759,11.4,2.824,12.37,Aldehyde
18:00:42.558,2.945,10.83,2.743,12.34,Aldehyde
18:00:43.558,2.802,11.57,2.717,11.77,Aldehyde
18:00:44.558,2.815,11.0,2.647,12.58,Aldehyde
18:00:45.558,2.882,10.09,2.794,11.33,Aldehyde
18:00:46.558,2.988,10.61,2.737,11.48,Aldehyde
18:00:47.558,2.894,11.61,2.814,13.07,Aldehyde
18:00:48.558,2.882,11.33,2.896,11.99,Aldehyde
18:00:49.558,2.919,10.88,2.627,13.38,Aldehyde
18:00:50.558,2.935,11.49,2.877,12.38,Aldehyde
18:00:51.558,2.969,10.69,2.794,12.59,Aldehyde
18:00:52.558,2.921,11.3,2.937,11.68,Aldehyde
18:00:53.558,2.922,11.38,2.868,11.93,Aldehyde
18:00:54.558,2.932,10.3,2.756,12.06,Aldehyde
18:00:55.558,2.753,10.6,2.869,12.21,Aldehyde
18:00:56.558,2.885,10.57,2.602,11.87,Aldehyde
18:00:57.558,2.703,10.99,2.829,12.12,Aldehyde
18:00:58.558,2.965,10.82,2.845,11.62,Aldehyde
18:00:59.558,2.638,10.35,2.862,10.93,Aldehyde
18:01:00.558,2.908,11.02,2.562,12.37,Aldehyde
18:01:01.558,3.074,10.64,2.706,11.9,Aldehyde
18:01:02.558,3.087,11.5,2.754,12.39,Aldehyde
18:01:03.558,2.97,11.27,2.817,11.31,Aldehyde
18:01:04.558,2.765,10.43,2.905,11.96,Aldehyde
18:01:05.558,2.778,10.95,2.721,11.61,Aldehyde
18:01:06.558,2.795,9.87,2.888,12.28,Aldehyde
18:01:07.558,2.95,11.31,2.676,11.25,Aldehyde
18:01:08.558,2.833,10.61,2.738,12.43,Aldehyde
18:01:09.558,2.975,10.58,2.881,11.79,Aldehyde
18:01:10.558,2.884,12.25,2.694,11.82,Aldehyde
18:01:11.558,2.839,11.39,2.729,13.06,Aldehyde
18:01:12.558,2.96,10.23,2.762,12.0,Aldehyde
18:01:13.558,2.883,11.32,2.794,11.27,Aldehyde
18:01:14.558,2.847,11.44,2.625,11.88,Aldehyde
18:01:15.558,2.921,10.87,2.84,11.87,Aldehyde
18:01:16.558,2.867,10.99,2.75,11.14,Aldehyde
18:01:17.558,2.701,10.69,2.661,11.7,Aldehyde
18:01:18.558,2.852,10.44,2.998,11.46,Aldehyde
18:01:19.558,2.964,10.71,2.819,12.51,Aldehyde
18:01:20.558,3.017,10.64,2.736,10.63,Aldehyde
18:01:21.558,2.908,10.78,2.619,12.1,Aldehyde
18:01:22.558,2.922,11.25,2.766,11.56,Aldehyde
18:01:23.558,2.991,10.76,2.672,12.44,Aldehyde
18:01:24.558,2.911,11.23,2.781,11.95,Aldehyde
18:01:25.558,2.935,12.03,2.776,11.91,Aldehyde
18:01:26.558,2.908,10.31,2.818,11.79,Aldehyde
18:01:27.558,2.927,10.81,2.95,11.98,Aldehyde
18:01:28.558,2.849,9.72,2.783,11.84,Aldehyde
18:01:29.558,2.953,10.65,2.811,12.43,Aldehyde
18:01:30.558,2.895,10.37,2.861,12.2,Aldehyde
18:01:31.558,2.967,11.59,3.054,11.5,Aldehyde
18:01:32.558,2.915,11.15,2.722,12.35,Aldehyde
18:01:33.558,2.878,10.76,2.679,12.36,Aldehyde
18:01:34.558,2.933,11.62,2.599,12.05,Aldehyde
18:01:35.558,2.976,10.13,2.739,12.78,Aldehyde
18:01:36.558,2.61,10.99,2.956,12.7,Aldehyde
18:01:37.558,2.732,10.85,2.789,11.19,Aldehyde
18:01:38.558,3.009,10.73,2.724,11.86,Aldehyde
18:01:39.558,2.901,10.26,2.751,11.28,Aldehyde
18:01:40.558,2.884,10.01,2.543,11.01,Aldehyde
18:01:41.558,2.904,9.81,2.918,13.04,Aldehyde
18:01:42.558,2.98,11.4,2.815,12.06,Aldehyde
18:01:43.558,2.936,10.75,2.705,11.83,Aldehyde
18:01:44.558,2.892,10.06,2.954,11.82,Aldehyde
18:01:45.558,2.879,11.71,2.746,11.62,Aldehyde
18:01:46.558,2.939,11.25,2.844,12.02,Aldehyde
18:01:47.558,2.86,10.63,2.79,12.31,Aldehyde
18:01:48.558,2.841,10.96,2.598,12.27,Aldehyde
18:01:49.558,2.944,10.6,2.85,11.67,Aldehyde
18:01:50.558,2.909,10.48,2.886,12.2,Aldehyde
18:01:51.558,2.849,10.53,2.923,11.89,Aldehyde
18:01:52.558,2.871,11.32,2.737,12.04,Aldehyde
18:01:53.558,2.834,11.54,2.764,12.62,Aldehyde
18:01:54.558,2.871,11.08,2.793,11.69,Aldehyde
18:01:55.558,2.763,10.45,2.81,12.17,Aldehyde
18:01:56.558,2.819,11.94,2.759,12.07,Aldehyde
18:01:57.558,2.907,11.52,2.828,12.13,Aldehyde
18:01:58.558,2.912,10.97,2.849,12.38,Aldehyde
18:01:59.558,2.898,10.51,2.795,11.38,Aldehyde
18:02:00.558,2.757,11.45,2.949,11.45,Aldehyde
18:02:01.558,2.997,10.66,2.61,12.13,Aldehyde
18:02:02.558,2.911,10.84,2.863,11.96,Aldehyde
18:02:03.558,2.751,11.83,2.857,11.73,Aldehyde
18:02:04.558,2.782,11.36,2.817,11.56,Aldehyde
18:02:05.558,2.682,11.14,2.885,11.36,Aldehyde
18:02:06.558,2.903,10.42,2.753,12.52,Aldehyde
18:02:07.558,2.725,11.05,2.637,10.75,Aldehyde
18:02:08.558,2.93,11.74,2.822,11.73,Aldehyde
18:02:09.558,2.938,11.35,2.991,10.91,Aldehyde
18:02:10.558,2.962,10.59,2.813,11.94,Aldehyde
18:02:11.558,2.932,10.68,2.611,12.09,Aldehyde
18:02:12.558,2.805,11.13,2.805,11.59,Aldehyde
18:02:13.558,2.819,11.09,2.675,11.87,Aldehyde
18:02:14.558,2.927,11.58,2.653,12.4,Aldehyde
18:02:15.558,2.898,10.96,2.76,12.11,Aldehyde
18:02:16.558,2.916,11.68,2.776,11.94,Aldehyde
18:02:17.558,2.788,11.53,2.697,12.18,Aldehyde
18:02:18.558,2.728,10.4,2.866,11.45,Aldehyde
18:02:19.558,2.846,10.9,2.786,11.58,Aldehyde
18:02:20.558,2.972,10.73,3.093,11.5,Aldehyde
18:02:21.558,2.807,10.7,2.827,11.55,Aldehyde
18:02:22.558,2.953,10.46,2.818,11.42,Aldehyde
18:02:23.558,2.87,10.68,2.924,12.61,Aldehyde
18:02:24.558,2.84,10.73,2.928,11.86,Aldehyde
18:02:25.558,2.884,11.11,2.725,11.54,Aldehyde
18:02:26.558,2.911,11.08,2.96,11.84,Aldehyde
18:02:27.558,3.027,10.51,2.638,12.19,Aldehyde
18:02:28.558,2.857,11.23,2.79,12.48,Aldehyde
18:02:29.558,2.998,11.14,2.661,11.76,Aldehyde
18:02:30.558,2.854,11.06,2.813,12.45,Aldehyde
18:02:31.558,3.019,11.79,2.902,11.73,Aldehyde
18:02:32.558,3.07,11.35,2.778,12.01,Aldehyde
18:02:33.558,2.811,10.81,2.782,10.55,Aldehyde
18:02:34.558,2.822,11.89,2.81,12.23,Aldehyde
18:02:35.558,2.811,11.26,2.713,11.65,Aldehyde
18:02:36.558,2.965,10.45,2.925,12.08,Aldehyde
18:02:37.558,2.988,10.66,2.871,11.46,Aldehyde
18:02:38.558,3.0,10.19,2.825,11.55,Aldehyde
18:02:39.558,2.96,10.01,2.88,12.35,Aldehyde
18:02:40.558,2.991,11.64,2.868,12.44,Aldehyde
18:02:41.558,2.876,11.58,2.726,11.27,Aldehyde
18:02:42.558,2.9,10.23,2.849,12.42,Aldehyde
18:02:43.558,2.949,10.77,2.747,12.42,Aldehyde
18:02:44.558,2.856,11.72,2.642,11.88,Aldehyde
18:02:45.558,2.953,11.43,2.788,12.3,Aldehyde
18:02:46.558,3.121,10.7,2.666,11.89,Aldehyde
18:02:47.558,2.941,10.26,2.655,12.63,Aldehyde
18:02:48.558,2.998,11.0,2.869,10.92,Aldehyde
18:02:49.558,2.797,11.53,2.659,11.78,Aldehyde
18:02:50.558,2.945,11.12,2.901,12.61,Aldehyde
18:02:51.558,2.995,11.59,2.79,12.94,Aldehyde
18:02:52.558,3.059,10.72,2.72,12.02,Aldehyde
18:02:53.558,2.911,11.07,2.669,11.69,Aldehyde
18:02:54.558,2.81,10.73,2.733,12.51,Aldehyde
18:02:55.558,3.015,10.39,2.847,11.41,Aldehyde
18:02:56.558,2.942,11.63,2.864,11.83,Aldehyde
18:02:57.558,2.756,10.71,2.609,11.73,Aldehyde
18:02:58.558,2.957,10.5,2.825,11.78,Aldehyde
18:02:59.558,3.118,11.1,2.785,12.48,Aldehyde
18:03:00.558,2.919,10.52,2.803,11.71,Aldehyde
18:03:01.558,2.889,10.85,2.745,12.08,Aldehyde
18:03:02.558,2.887,10.79,2.868,11.62,Aldehyde
18:03:03.558,2.838,10.49,2.729,12.08,Aldehyde
18:03:04.558,2.982,11.41,2.895,12.61,Aldehyde
18:03:05.558,2.92,10.9,2.874,12.25,Aldehyde
18:03:06.558,2.676,11.0,2.886,11.33,Aldehyde
18:03:07.558,2.87,11.59,2.735,12.26,Aldehyde
18:03:08.558,2.907,11.51,3.064,12.3,Aldehyde
18:03:09.558,2.715,11.1,2.827,11.93,Aldehyde
18:03:10.558,3.132,11.3,2.709,11.98,Aldehyde
18:03:11.558,2.823,10.73,2.946,12.4,Aldehyde
18:03:12.558,2.958,10.25,2.818,12.23,Aldehyde
18:03:13.558,2.99,10.5,2.981,12.28,Aldehyde
18:03:14.558,3.055,11.16,2.922,12.07,Aldehyde
18:03:15.558,2.832,10.06,2.86,11.19,Aldehyde
18:03:16.558,2.886,11.39,2.803,12.15,Aldehyde
18:03:17.558,2.975,11.06,2.789,11.69,Aldehyde
18:03:18.558,3.038,10.92,2.643,11.43,Aldehyde
18:03:19.558,2.971,11.11,2.862,11.45,Aldehyde
18:03:20.558,2.948,10.53,2.828,11.83,Aldehyde
18:03:21.558,3.134,10.57,2.853,11.64,Aldehyde
18:03:22.558,3.032,10.89,2.805,12.5,Aldehyde
18:03:23.558,2.815,11.44,2.846,11.38,Aldehyde
18:03:24.558,2.969,11.06,2.947,12.07,Aldehyde
18:03:25.558,2.766,11.61,2.915,11.95,Aldehyde
18:03:26.558,2.783,10.38,2.803,12.01,Aldehyde
18:03:27.558,2.919,11.3,2.89,11.31,Aldehyde
18:03:28.558,2.898,11.34,2.859,11.89,Aldehyde
18:03:29.558,3.033,12.1,2.764,11.28,Aldehyde
18:03:30.558,2.802,11.28,2.884,11.68,Aldehyde
18:03:31.558,2.972,11.22,2.784,11.54,Aldehyde
18:03:32.558,3.013,10.1,2.95,12.61,Aldehyde
18:03:33.558,2.946,11.07,2.978,12.17,Aldehyde
18:03:34.558,3.014,10.92,2.784,12.22,Aldehyde
18:03:35.558,2.752,10.16,2.82,11.88,Aldehyde
18:03:36.558,3.108,11.18,2.789,12.62,Aldehyde
18:03:37.558,2.727,11.98,2.794,11.63,Aldehyde
18:03:38.558,2.854,11.29,2.672,12.37,Aldehyde
18:03:39.558,2.896,10.05,2.62,11.21,Aldehyde
18:03:40.558,2.98,11.17,2.638,11.65,Aldehyde
18:03:41.558,2.712,11.72,2.685,11.77,Aldehyde
18:03:42.558,2.774,10.31,2.809,12.49,Aldehyde
18:03:43.558,2.896,10.85,2.746,11.33,Aldehyde
18:03:44.558,2.894,10.67,2.898,12.06,Aldehyde
18:03:45.558,3.075,10.98,2.856,11.93,Aldehyde
18:03:46.558,2.791,10.84,2.942,12.01,Aldehyde
18:03:47.558,2.885,11.93,2.652,11.11,Aldehyde
18:03:48.558,2.757,11.2,2.883,11.68,Aldehyde
18:03:49.558,2.891,10.89,2.89,11.7,Aldehyde
18:03:50.558,3.004,10.99,2.902,10.82,Aldehyde
18:03:51.558,2.997,11.8,2.77,12.76,Aldehyde
18:03:52.558,2.878,10.53,2.933,12.46,Aldehyde
18:03:53.558,2.895,10.94,2.903,11.28,Aldehyde
18:03:54.558,2.937,11.25,2.839,11.8,Aldehyde
18:03:55.558,2.894,10.74,2.769,11.6,Aldehyde
18:03:56.558,2.861,9.9,2.939,11.33,Aldehyde
18:03:57.558,2.855,10.81,2.677,12.65,Aldehyde
18:03:58.558,2.915,10.68,3.004,12.18,Aldehyde
18:03:59.558,2.948,11.73,2.864,12.08,Aldehyde
18:04:00.558,2.779,11.03,2.811,12.09,Aldehyde
18:04:01.558,2.983,10.69,2.939,12.32,Aldehyde
18:04:02.558,2.868,10.27,2.867,12.33,Aldehyde
18:04:03.558,3.001,10.36,2.841,11.6,Aldehyde
18:04:04.558,2.807,10.43,2.765,11.71,Aldehyde
18:04:05.558,2.812,10.49,2.903,12.45,Aldehyde
18:04:06.558,2.879,10.56,2.827,11.68,Aldehyde
18:04:07.558,2.881,11.61,2.676,12.3,Aldehyde
18:04:08.558,2.885,11.77,2.718,13.1,Aldehyde
18:04:09.558,2.834,10.61,2.895,11.13,Aldehyde
18:04:10.558,2.851,10.29,2.748,12.31,Aldehyde
18:04:11.558,2.744,11.71,2.835,12.14,Aldehyde
18:04:12.558,2.872,10.75,2.76,12.46,Aldehyde
18:04:13.558,2.894,10.67,2.827,11.78,Aldehyde
18:04:14.558,2.878,10.13,2.75,12.87,Aldehyde
18:04:15.558,2.997,11.31,2.635,11.48,Aldehyde
18:04:16.558,2.762,11.57,2.601,11.36,Aldehyde
18:04:17.558,2.692,10.88,3.015,11.23,Aldehyde
18:04:18.558,2.94,10.66,2.78,11.74,Aldehyde
18:04:19.558,2.962,10.29,2.619,12.59,Aldehyde
18:04:20.558,2.886,11.23,2.873,12.42,Aldehyde
18:04:21.558,2.94,11.07,3.01,11.31,Aldehyde
18:04:22.558,2.86,10.59,2.782,12.4,Aldehyde
18:04:23.558,3.106,10.28,2.748,11.94,Aldehyde
18:04:24.558,2.766,10.84,2.948,12.51,Aldehyde
18:04:25.558,2.693,10.89,2.713,12.56,Aldehyde
18:04:26.558,2.912,10.36,2.888,11.28,Aldehyde
18:04:27.558,2.825,10.85,2.871,11.75,Aldehyde
18:04:28.558,2.974,10.65,2.836,12.04,Aldehyde
18:04:29.558,2.86,11.16,2.894,11.23,Aldehyde
18:04:30.558,2.72,11.17,2.836,11.66,Aldehyde
18:04:31.558,2.906,10.74,2.736,12.17,Aldehyde
18:04:32.558,2.877,11.27,2.823,11.18,Aldehyde
18:04:33.558,2.845,11.25,2.719,12.75,Aldehyde
18:04:34.558,2.973,11.91,2.66,10.37,Aldehyde
18:04:35.558,2.667,10.82,2.751,11.93,Aldehyde
18:04:36.558,3.053,11.61,2.737,11.64,Aldehyde
18:04:37.558,2.762,11.45,2.878,11.55,Aldehyde
18:04:38.558,2.833,10.42,2.801,12.13,Aldehyde
18:04:39.558,2.903,11.37,2.89,11.84,Aldehyde
18:04:40.558,2.829,11.18,2.732,11.39,Aldehyde
18:04:41.558,2.782,11.5,2.73,12.06,Aldehyde
18:04:42.558,2.878,10.54,2.764,12.74,Aldehyde
18:04:43.558,2.885,10.83,2.767,11.83,Aldehyde
18:04:44.558,2.821,11.69,2.832,11.67,Aldehyde
18:04:45.558,2.931,11.08,2.754,12.21,Aldehyde
18:04:46.558,2.872,11.38,2.594,12.38,Aldehyde
18:04:47.558,2.97,12.25,2.777,11.3,Aldehyde
18:04:48.558,2.828,10.84,2.639,11.81,Aldehyde
18:04:49.558,3.025,11.43,2.991,11.76,Aldehyde
18:04:50.558,2.944,10.31,2.907,11.87,Aldehyde
18:04:51.558,2.877,10.9,2.692,11.68,Aldehyde
18:04:52.558,2.957,10.65,2.931,11.21,Aldehyde
18:04:53.558,2.788,10.99,2.831,12.41,Aldehyde
18:04:54.558,2.63,11.17,2.765,11.96,Aldehyde
18:04:55.558,2.984,11.3,2.766,12.14,Aldehyde
18:04:56.558,2.95,11.01,2.755,12.1,Aldehyde
18:04:57.558,3.025,11.04,2.702,12.33,Aldehyde
18:04:58.558,2.831,11.41,2.705,12.35,Aldehyde
18:04:59.558,2.847,10.75,2.71,11.1,Aldehyde
18:05:00.558,2.905,11.01,2.895,12.18,Aldehyde
18:05:01.558,2.742,10.59,2.839,12.29,Aldehyde
18:05:02.558,2.79,10.99,2.702,12.33,Aldehyde
18:05:03.558,2.807,11.34,2.921,12.51,Aldehyde
18:05:04.558,2.889,11.56,2.869,12.7,Aldehyde
18:05:05.558,2.918,10.48,2.644,11.63,Aldehyde
18:05:06.558,3.048,10.9,2.822,12.64,Aldehyde
18:05:07.558,2.962,11.19,2.786,11.55,Aldehyde
18:05:08.558,2.762,11.11,2.685,11.52,Aldehyde
18:05:09.558,3.117,9.85,2.946,12.45,Aldehyde
18:05:10.558,3.043,10.87,2.712,12.13,Aldehyde
18:05:11.558,3.095,10.88,2.881,13.15,Aldehyde
18:05:12.558,2.796,10.52,2.676,12.0,Aldehyde
18:05:13.558,2.986,10.13,2.989,12.34,Aldehyde
18:05:14.558,2.997,10.15,2.82,11.6,Aldehyde
18:05:15.558,2.714,11.51,2.884,11.69,Aldehyde
18:05:16.558,2.977,11.0,2.909,13.18,Aldehyde
18:05:17.558,2.906,10.19,2.709,10.94,Aldehyde
18:05:18.558,2.835,9.98,2.837,12.73,Aldehyde
18:05:19.558,2.923,10.43,2.718,11.63,Aldehyde
18:05:20.558,3.04,10.8,2.891,11.47,Aldehyde
18:05:21.558,2.824,10.8,2.838,11.34,Aldehyde
18:05:22.558,2.898,10.13,2.67,11.83,Aldehyde
18:05:23.558,2.99,11.6,2.811,11.91,Aldehyde
18:05:24.558,2.802,11.9,2.855,11.53,Aldehyde
18:05:25.558,2.819,10.53,2.827,12.4,Aldehyde
18:05:26.558,2.82,11.32,2.759,12.24,Aldehyde
18:05:27.558,2.872,11.24,2.759,11.21,Aldehyde
18:05:28.558,2.942,11.05,2.826,12.24,Aldehyde
18:05:29.558,3.032,11.64,2.814,11.96,Aldehyde
18:05:30.558,2.893,10.99,2.839,11.73,Aldehyde
18:05:31.558,2.948,10.76,2.79,11.44,Aldehyde
18:05:32.558,2.902,11.07,2.748,11.54,Aldehyde
18:05:33.558,2.789,10.52,2.877,12.09,Aldehyde
18:05:34.558,3.013,10.92,2.75,10.7,Aldehyde
18:05:35.558,3.019,10.93,2.578,11.3,Aldehyde
18:05:36.558,3.022,9.8,2.795,11.8,Aldehyde
18:05:37.558,3.058,10.3,2.656,11.15,Aldehyde
